Unnamed: 0,ID,Name,Age,Photo,Nationality,Flag,Overall,Potential,Club,Club Logo,Value,Wage,Special,Preferred Foot,International Reputation,Weak Foot,Skill Moves,Work Rate,Body Type,Real Face,Position,Jersey Number,Joined,Loaned From,Contract Valid Until,Height,Weight,LS,ST,RS,LW,LF,CF,RF,RW,LAM,CAM,RAM,LM,LCM,CM,RCM,RM,LWB,LDM,CDM,RDM,RWB,LB,LCB,CB,RCB,RB,Crossing,Finishing,HeadingAccuracy,ShortPassing,Volleys,Dribbling,Curve,FKAccuracy,LongPassing,BallControl,Acceleration,SprintSpeed,Agility,Reactions,Balance,ShotPower,Jumping,Stamina,Strength,LongShots,Aggression,Interceptions,Positioning,Vision,Penalties,Composure,Marking,StandingTackle,SlidingTackle,GKDiving,GKHandling,GKKicking,GKPositioning,GKReflexes,Release Clause
171.0,208670.0,H. Ziyech,25.0,https://cdn.sofifa.org/players/4/19/208670.png,Morocco,https://cdn.sofifa.org/flags/129.png,83.0,86.0,Ajax,https://cdn.sofifa.org/teams/2/light/245.png,€32.5M,€28K,2098.0,Left,3.0,2,4.0,High/ High,Lean,Yes,RAM,22.0,"Aug 30, 2016",,2021,5'11,143lbs,73+3,73+3,73+3,80+3,79+3,79+3,79+3,80+3,81+3,81+3,81+3,81+3,82+3,82+3,82+3,81+3,71+3,72+3,72+3,72+3,71+3,67+3,60+3,60+3,60+3,67+3,84.0,68.0,53.0,86.0,77.0,83.0,90.0,78.0,89.0,83.0,76.0,74.0,85.0,82.0,78.0,80.0,38.0,86.0,59.0,75.0,71.0,62.0,75.0,88.0,73.0,83.0,52.0,66.0,36.0,11.0,7.0,11.0,8.0,14.0,€47.9M
226.0,235243.0,M. de Ligt,18.0,https://cdn.sofifa.org/players/4/19/235243.png,Netherlands,https://cdn.sofifa.org/flags/34.png,82.0,91.0,Ajax,https://cdn.sofifa.org/teams/2/light/245.png,€27M,€11K,1937.0,Right,2.0,4,2.0,Medium/ Medium,Normal,Yes,RCB,3.0,"Oct 24, 2016",,2021,6'2,196lbs,66+2,66+2,66+2,63+2,65+2,65+2,65+2,63+2,65+2,65+2,65+2,65+2,70+2,70+2,70+2,65+2,73+2,77+2,77+2,77+2,73+2,75+2,80+2,80+2,80+2,75+2,57.0,53.0,81.0,75.0,40.0,65.0,48.0,55.0,72.0,73.0,62.0,72.0,56.0,77.0,59.0,79.0,80.0,74.0,87.0,64.0,79.0,79.0,44.0,63.0,40.0,77.0,84.0,84.0,79.0,12.0,11.0,11.0,12.0,10.0,€43.2M
323.0,228702.0,F. de Jong,21.0,https://cdn.sofifa.org/players/4/19/228702.png,Netherlands,https://cdn.sofifa.org/flags/34.png,81.0,89.0,Ajax,https://cdn.sofifa.org/teams/2/light/245.png,€26M,€19K,2064.0,Right,1.0,3,4.0,Medium/ Medium,Lean,No,LDM,7.0,"Aug 25, 2015",,2022,5'11,154lbs,69+2,69+2,69+2,76+2,75+2,75+2,75+2,76+2,79+2,79+2,79+2,78+2,80+2,80+2,80+2,78+2,77+2,78+2,78+2,78+2,77+2,75+2,72+2,72+2,72+2,75+2,75.0,52.0,64.0,87.0,64.0,86.0,74.0,61.0,82.0,88.0,74.0,76.0,84.0,83.0,78.0,68.0,76.0,74.0,69.0,55.0,62.0,78.0,63.0,85.0,45.0,86.0,69.0,73.0,70.0,7.0,13.0,10.0,10.0,9.0,€41.6M
329.0,221992.0,H. Lozano,22.0,https://cdn.sofifa.org/players/4/19/221992.png,Mexico,https://cdn.sofifa.org/flags/83.png,81.0,86.0,PSV,https://cdn.sofifa.org/teams/2/light/247.png,€24M,€22K,2019.0,Right,3.0,4,4.0,High/ Medium,Lean,Yes,LS,22.0,"Jul 21, 2017",,2023,5'9,154lbs,76+3,76+3,76+3,80+3,79+3,79+3,79+3,80+3,78+3,78+3,78+3,79+3,72+3,72+3,72+3,79+3,64+3,59+3,59+3,59+3,64+3,60+3,52+3,52+3,52+3,60+3,75.0,77.0,60.0,74.0,75.0,84.0,72.0,65.0,67.0,80.0,94.0,93.0,91.0,77.0,76.0,76.0,75.0,80.0,59.0,76.0,64.0,45.0,77.0,75.0,64.0,77.0,45.0,35.0,29.0,11.0,10.0,14.0,14.0,10.0,€35.4M
365.0,199434.0,D. Tadić,29.0,https://cdn.sofifa.org/players/4/19/199434.png,Serbia,https://cdn.sofifa.org/flags/51.png,81.0,81.0,Ajax,https://cdn.sofifa.org/teams/2/light/245.png,€17.5M,€26K,1972.0,Left,3.0,2,4.0,Medium/ Low,Normal,Yes,LAM,10.0,"Jul 3, 2018",,2022,5'11,168lbs,73+3,73+3,73+3,79+3,77+3,77+3,77+3,79+3,79+3,79+3,79+3,79+3,75+3,75+3,75+3,79+3,60+3,59+3,59+3,59+3,60+3,56+3,49+3,49+3,49+3,56+3,83.0,74.0,63.0,81.0,73.0,85.0,83.0,76.0,77.0,86.0,69.0,68.0,82.0,78.0,80.0,69.0,64.0,69.0,62.0,65.0,56.0,31.0,75.0,85.0,71.0,82.0,46.0,34.0,26.0,11.0,11.0,14.0,9.0,16.0,€24.5M
426.0,226753.0,A. Onana,22.0,https://cdn.sofifa.org/players/4/19/226753.png,Cameroon,https://cdn.sofifa.org/flags/103.png,80.0,85.0,Ajax,https://cdn.sofifa.org/teams/2/light/245.png,€14.5M,€14K,1369.0,Right,2.0,3,1.0,Medium/ Medium,Stocky,No,GK,1.0,"Jan 14, 2015",,2021,6'2,205lbs,,,,,,,,,,,,,,,,,,,,,,,,,,,15.0,12.0,20.0,33.0,13.0,26.0,30.0,17.0,26.0,38.0,64.0,62.0,68.0,78.0,53.0,21.0,80.0,39.0,67.0,17.0,29.0,15.0,11.0,62.0,27.0,57.0,12.0,18.0,14.0,83.0,79.0,85.0,75.0,80.0,€21.4M
445.0,211256.0,N. Tagliafico,25.0,https://cdn.sofifa.org/players/4/19/211256.png,Argentina,https://cdn.sofifa.org/flags/52.png,80.0,82.0,Ajax,https://cdn.sofifa.org/teams/2/light/245.png,€15M,€20K,2025.0,Left,2.0,2,3.0,High/ Medium,Normal,No,LB,3.0,"Jan 5, 2018",,2022,5'7,143lbs,68+2,68+2,68+2,72+2,70+2,70+2,70+2,72+2,70+2,70+2,70+2,74+2,71+2,71+2,71+2,74+2,78+2,75+2,75+2,75+2,78+2,78+2,75+2,75+2,75+2,78+2,75.0,57.0,73.0,75.0,38.0,74.0,61.0,40.0,67.0,74.0,85.0,86.0,79.0,75.0,79.0,66.0,90.0,91.0,63.0,44.0,78.0,77.0,67.0,68.0,46.0,73.0,78.0,78.0,78.0,13.0,9.0,10.0,15.0,16.0,€22.1M
494.0,190815.0,D. Blind,28.0,https://cdn.sofifa.org/players/4/19/190815.png,Netherlands,https://cdn.sofifa.org/flags/34.png,80.0,80.0,Ajax,https://cdn.sofifa.org/teams/2/light/245.png,€12M,€22K,2075.0,Left,3.0,4,3.0,Medium/ Medium,Normal,Yes,LB,5.0,"Jul 17, 2018",,2022,5'11,159lbs,66+3,66+3,66+3,70+3,70+3,70+3,70+3,70+3,73+3,73+3,73+3,73+3,78+3,78+3,78+3,73+3,78+3,80+3,80+3,80+3,78+3,77+3,77+3,77+3,77+3,77+3,81.0,46.0,72.0,83.0,62.0,73.0,84.0,62.0,83.0,80.0,62.0,53.0,72.0,84.0,75.0,68.0,72.0,83.0,74.0,62.0,72.0,83.0,66.0,76.0,56.0,81.0,78.0,81.0,77.0,12.0,9.0,10.0,14.0,10.0,€16.8M
495.0,190778.0,J. Zoet,27.0,https://cdn.sofifa.org/players/4/19/190778.png,Netherlands,https://cdn.sofifa.org/flags/34.png,80.0,83.0,PSV,https://cdn.sofifa.org/teams/2/light/247.png,€12.5M,€16K,1291.0,Right,2.0,4,1.0,Medium/ Medium,Normal,No,GK,13.0,"Jul 1, 2009",,2021,6'2,194lbs,,,,,,,,,,,,,,,,,,,,,,,,,,,17.0,12.0,19.0,37.0,19.0,15.0,13.0,20.0,38.0,34.0,57.0,45.0,54.0,77.0,42.0,25.0,57.0,40.0,65.0,17.0,18.0,21.0,11.0,57.0,27.0,61.0,25.0,18.0,16.0,79.0,77.0,77.0,79.0,83.0,€18.4M
499.0,189805.0,L. de Jong,27.0,https://cdn.sofifa.org/players/4/19/189805.png,Netherlands,https://cdn.sofifa.org/flags/34.png,80.0,80.0,PSV,https://cdn.sofifa.org/teams/2/light/247.png,€16M,€23K,1925.0,Right,2.0,3,2.0,Medium/ High,Normal,No,ST,19.0,"Jul 12, 2014",,2021,6'2,190lbs,78+2,78+2,78+2,70+2,74+2,74+2,74+2,70+2,72+2,72+2,72+2,71+2,70+2,70+2,70+2,71+2,59+2,60+2,60+2,60+2,59+2,58+2,57+2,57+2,57+2,58+2,66.0,79.0,93.0,76.0,83.0,66.0,63.0,66.0,64.0,76.0,53.0,57.0,58.0,81.0,59.0,84.0,81.0,83.0,84.0,69.0,52.0,38.0,84.0,69.0,64.0,77.0,44.0,43.0,37.0,16.0,10.0,8.0,8.0,11.0,€22.4M
557.0,236632.0,David Neres,21.0,https://cdn.sofifa.org/players/4/19/236632.png,Brazil,https://cdn.sofifa.org/flags/54.png,79.0,86.0,Ajax,https://cdn.sofifa.org/teams/2/light/245.png,€18M,€18K,1884.0,Left,2.0,3,5.0,High/ Medium,Normal,No,RW,7.0,"Feb 1, 2017",,2022,5'9,146lbs,73+2,73+2,73+2,78+2,78+2,78+2,78+2,78+2,78+2,78+2,78+2,77+2,70+2,70+2,70+2,77+2,60+2,55+2,55+2,55+2,60+2,56+2,47+2,47+2,47+2,56+2,66.0,76.0,50.0,78.0,72.0,87.0,65.0,52.0,52.0,84.0,85.0,86.0,91.0,72.0,84.0,72.0,58.0,73.0,63.0,65.0,52.0,37.0,73.0,78.0,69.0,78.0,32.0,32.0,32.0,14.0,10.0,5.0,13.0,6.0,€28.8M
575.0,225953.0,S. Bergwijn,20.0,https://cdn.sofifa.org/players/4/19/225953.png,Netherlands,https://cdn.sofifa.org/flags/34.png,79.0,86.0,PSV,https://cdn.sofifa.org/teams/2/light/247.png,€18M,€17K,1930.0,Right,1.0,2,4.0,Medium/ Medium,Stocky,No,LW,22.0,"Jul 1, 2014",,2022,5'10,172lbs,75+2,75+2,75+2,78+2,77+2,77+2,77+2,78+2,77+2,77+2,77+2,77+2,68+2,68+2,68+2,77+2,59+2,53+2,53+2,53+2,59+2,55+2,47+2,47+2,47+2,55+2,72.0,73.0,55.0,75.0,67.0,87.0,76.0,66.0,53.0,83.0,87.0,88.0,78.0,71.0,89.0,78.0,71.0,74.0,76.0,74.0,44.0,26.0,74.0,73.0,59.0,75.0,40.0,31.0,26.0,11.0,14.0,12.0,14.0,13.0,€28.8M
638.0,200260.0,S. Berghuis,26.0,https://cdn.sofifa.org/players/4/19/200260.png,Netherlands,https://cdn.sofifa.org/flags/34.png,79.0,80.0,Feyenoord,https://cdn.sofifa.org/teams/2/light/246.png,€15M,€20K,1953.0,Left,2.0,3,3.0,Medium/ Medium,Lean,Yes,RW,19.0,"Jul 31, 2017",,2021,6'0,159lbs,73+2,73+2,73+2,78+2,77+2,77+2,77+2,78+2,78+2,78+2,78+2,77+2,73+2,73+2,73+2,77+2,60+2,58+2,58+2,58+2,60+2,56+2,47+2,47+2,47+2,56+2,79.0,75.0,48.0,76.0,74.0,82.0,86.0,74.0,76.0,82.0,80.0,75.0,82.0,76.0,70.0,82.0,53.0,72.0,58.0,83.0,63.0,37.0,75.0,76.0,70.0,73.0,34.0,36.0,30.0,9.0,11.0,7.0,7.0,15.0,€22.1M
897.0,229636.0,G. Pereiro,23.0,https://cdn.sofifa.org/players/4/19/229636.png,Uruguay,https://cdn.sofifa.org/flags/60.png,77.0,82.0,PSV,https://cdn.sofifa.org/teams/2/light/247.png,€12M,€15K,1922.0,Left,1.0,2,3.0,Medium/ Low,Normal,No,RM,16.0,"Jul 15, 2015",,2020,6'2,168lbs,75+2,75+2,75+2,75+2,76+2,76+2,76+2,75+2,75+2,75+2,75+2,74+2,69+2,69+2,69+2,74+2,59+2,56+2,56+2,56+2,59+2,56+2,52+2,52+2,52+2,56+2,73.0,72.0,73.0,72.0,68.0,79.0,72.0,73.0,62.0,83.0,72.0,75.0,74.0,74.0,56.0,81.0,70.0,67.0,75.0,76.0,57.0,30.0,75.0,77.0,70.0,76.0,36.0,40.0,36.0,7.0,15.0,10.0,10.0,12.0,€17.7M
907.0,203535.0,T. Vilhena,23.0,https://cdn.sofifa.org/players/4/19/203535.png,Netherlands,https://cdn.sofifa.org/flags/34.png,77.0,81.0,Feyenoord,https://cdn.sofifa.org/teams/2/light/246.png,€11.5M,€13K,2130.0,Left,2.0,4,3.0,High/ High,Stocky,No,CM,20.0,"Apr 1, 2011",,2020,5'9,165lbs,73+2,73+2,73+2,75+2,75+2,75+2,75+2,75+2,75+2,75+2,75+2,75+2,76+2,76+2,76+2,75+2,75+2,75+2,75+2,75+2,75+2,73+2,72+2,72+2,72+2,73+2,75.0,70.0,67.0,77.0,68.0,77.0,74.0,69.0,76.0,80.0,75.0,72.0,75.0,77.0,83.0,80.0,76.0,85.0,75.0,77.0,84.0,75.0,70.0,74.0,53.0,80.0,66.0,72.0,68.0,12.0,8.0,16.0,12.0,12.0,€17M
914.0,212755.0,J. Hendrix,23.0,https://cdn.sofifa.org/players/4/19/212755.png,Netherlands,https://cdn.sofifa.org/flags/34.png,77.0,82.0,PSV,https://cdn.sofifa.org/teams/2/light/247.png,€10M,€13K,1991.0,Left,1.0,3,2.0,Medium/ High,Normal,No,LCM,8.0,"Dec 7, 2011",,2020,5'11,165lbs,68+2,68+2,68+2,68+2,69+2,69+2,69+2,68+2,70+2,70+2,70+2,70+2,73+2,73+2,73+2,70+2,73+2,76+2,76+2,76+2,73+2,73+2,74+2,74+2,74+2,73+2,59.0,54.0,73.0,76.0,54.0,70.0,52.0,45.0,83.0,75.0,72.0,69.0,73.0,74.0,74.0,72.0,78.0,85.0,73.0,57.0,80.0,78.0,69.0,66.0,54.0,77.0,75.0,73.0,75.0,14.0,8.0,12.0,8.0,11.0,€14.8M
973.0,148803.0,K. Huntelaar,34.0,https://cdn.sofifa.org/players/4/19/148803.png,Netherlands,https://cdn.sofifa.org/flags/34.png,77.0,77.0,Ajax,https://cdn.sofifa.org/teams/2/light/245.png,€4.7M,€20K,1792.0,Right,3.0,4,2.0,Medium/ Medium,Lean,Yes,ST,9.0,"Jul 1, 2017",,2019,6'1,183lbs,74+3,74+3,74+3,68+3,71+3,71+3,71+3,68+3,68+3,68+3,68+3,65+3,61+3,61+3,61+3,65+3,50+3,50+3,50+3,50+3,50+3,48+3,49+3,49+3,49+3,48+3,63.0,80.0,79.0,68.0,81.0,62.0,72.0,66.0,44.0,69.0,50.0,57.0,58.0,79.0,62.0,80.0,77.0,53.0,78.0,73.0,69.0,27.0,84.0,66.0,62.0,81.0,32.0,33.0,23.0,7.0,12.0,6.0,9.0,11.0,€6.6M
1028.0,172143.0,L. Schøne,32.0,https://cdn.sofifa.org/players/4/19/172143.png,Denmark,https://cdn.sofifa.org/flags/13.png,77.0,77.0,Ajax,https://cdn.sofifa.org/teams/2/light/245.png,€6.5M,€19K,2064.0,Right,2.0,3,3.0,Medium/ Medium,Normal,No,RCM,19.0,"Jul 1, 2012",,2019,5'10,172lbs,69+2,69+2,69+2,72+2,72+2,72+2,72+2,72+2,75+2,75+2,75+2,73+2,75+2,75+2,75+2,73+2,68+2,70+2,70+2,70+2,68+2,65+2,63+2,63+2,63+2,65+2,81.0,67.0,60.0,83.0,84.0,76.0,85.0,86.0,77.0,81.0,58.0,52.0,68.0,67.0,78.0,83.0,77.0,65.0,57.0,81.0,65.0,77.0,66.0,82.0,77.0,70.0,67.0,52.0,48.0,16.0,16.0,9.0,12.0,11.0,€9.1M
1047.0,183426.0,D. Schwaab,29.0,https://cdn.sofifa.org/players/4/19/183426.png,Germany,https://cdn.sofifa.org/flags/21.png,77.0,77.0,PSV,https://cdn.sofifa.org/teams/2/light/247.png,€7M,€16K,1826.0,Right,2.0,4,2.0,Medium/ Medium,Normal,No,RCB,5.0,"Jul 11, 2016",,2019,6'1,168lbs,57+2,57+2,57+2,60+2,59+2,59+2,59+2,60+2,61+2,61+2,61+2,64+2,66+2,66+2,66+2,64+2,72+2,73+2,73+2,73+2,72+2,73+2,75+2,75+2,75+2,73+2,64.0,32.0,77.0,72.0,49.0,62.0,55.0,40.0,69.0,70.0,65.0,72.0,63.0,74.0,61.0,54.0,72.0,74.0,76.0,29.0,69.0,77.0,49.0,63.0,55.0,71.0,79.0,76.0,78.0,10.0,10.0,15.0,9.0,6.0,€9.8M
1095.0,199852.0,N. Jørgensen,27.0,https://cdn.sofifa.org/players/4/19/199852.png,Denmark,https://cdn.sofifa.org/flags/13.png,77.0,78.0,Feyenoord,https://cdn.sofifa.org/teams/2/light/246.png,€10.5M,€17K,1896.0,Right,2.0,3,3.0,High/ Medium,Normal,No,ST,9.0,"Jul 1, 2016",,2021,6'3,183lbs,76+2,76+2,76+2,74+2,75+2,75+2,75+2,74+2,73+2,73+2,73+2,73+2,69+2,69+2,69+2,73+2,57+2,56+2,56+2,56+2,57+2,55+2,51+2,51+2,51+2,55+2,68.0,79.0,74.0,72.0,74.0,74.0,69.0,62.0,63.0,77.0,75.0,73.0,65.0,75.0,57.0,80.0,68.0,81.0,84.0,75.0,60.0,31.0,75.0,74.0,68.0,82.0,39.0,36.0,24.0,6.0,8.0,14.0,9.0,7.0,€15.5M
1102.0,221363.0,D. van de Beek,21.0,https://cdn.sofifa.org/players/4/19/221363.png,Netherlands,https://cdn.sofifa.org/flags/34.png,77.0,83.0,Ajax,https://cdn.sofifa.org/teams/2/light/245.png,€12.5M,€14K,2002.0,Right,2.0,4,3.0,Medium/ Medium,Normal,No,CAM,17.0,"Dec 27, 2013",,2022,6'0,163lbs,73+2,73+2,73+2,73+2,74+2,74+2,74+2,73+2,75+2,75+2,75+2,74+2,75+2,75+2,75+2,74+2,69+2,71+2,71+2,71+2,69+2,67+2,65+2,65+2,65+2,67+2,67.0,75.0,59.0,78.0,76.0,74.0,66.0,62.0,74.0,78.0,66.0,65.0,70.0,76.0,58.0,77.0,70.0,82.0,75.0,80.0,68.0,72.0,76.0,77.0,55.0,78.0,64.0,59.0,52.0,7.0,12.0,8.0,10.0,14.0,€20M
1109.0,220854.0,E. Gutiérrez,23.0,https://cdn.sofifa.org/players/4/19/220854.png,Mexico,https://cdn.sofifa.org/flags/83.png,77.0,85.0,PSV,https://cdn.sofifa.org/teams/2/light/247.png,€13M,€15K,2007.0,Left,1.0,2,4.0,High/ Medium,Lean,No,LCM,3.0,"Aug 30, 2018",,2023,5'11,163lbs,69+2,69+2,69+2,73+2,72+2,72+2,72+2,73+2,74+2,74+2,74+2,74+2,75+2,75+2,75+2,74+2,73+2,73+2,73+2,73+2,73+2,71+2,67+2,67+2,67+2,71+2,69.0,68.0,52.0,79.0,65.0,74.0,73.0,51.0,76.0,77.0,78.0,76.0,69.0,68.0,72.0,77.0,53.0,91.0,62.0,74.0,60.0,77.0,67.0,76.0,67.0,76.0,75.0,69.0,57.0,7.0,14.0,10.0,8.0,16.0,€20.8M
1173.0,220651.0,Angeliño,21.0,https://cdn.sofifa.org/players/4/19/220651.png,Spain,https://cdn.sofifa.org/flags/45.png,77.0,83.0,PSV,https://cdn.sofifa.org/teams/2/light/247.png,€10.5M,€11K,2131.0,Left,1.0,3,4.0,High/ Medium,Stocky,Yes,LB,6.0,"Jul 1, 2018",,2023,5'9,152lbs,70+2,70+2,70+2,75+2,74+2,74+2,74+2,75+2,74+2,74+2,74+2,77+2,75+2,75+2,75+2,77+2,77+2,74+2,74+2,74+2,77+2,75+2,71+2,71+2,71+2,75+2,83.0,56.0,53.0,76.0,62.0,80.0,83.0,75.0,74.0,79.0,87.0,85.0,75.0,72.0,82.0,80.0,80.0,86.0,72.0,66.0,77.0,73.0,74.0,74.0,55.0,67.0,68.0,74.0,72.0,13.0,6.0,13.0,13.0,13.0,€16.8M
1327.0,228687.0,K. Dolberg,20.0,https://cdn.sofifa.org/players/4/19/228687.png,Denmark,https://cdn.sofifa.org/flags/13.png,76.0,85.0,Ajax,https://cdn.sofifa.org/teams/2/light/245.png,€12M,€15K,1816.0,Right,2.0,4,3.0,Medium/ Low,Normal,No,ST,12.0,"Jul 1, 2015",,2022,6'2,183lbs,75+2,75+2,75+2,71+2,74+2,74+2,74+2,71+2,72+2,72+2,72+2,69+2,65+2,65+2,65+2,69+2,49+2,49+2,49+2,49+2,49+2,47+2,43+2,43+2,43+2,47+2,42.0,76.0,70.0,69.0,74.0,75.0,67.0,70.0,54.0,78.0,72.0,77.0,75.0,72.0,67.0,87.0,71.0,70.0,76.0,77.0,38.0,21.0,72.0,69.0,75.0,77.0,28.0,24.0,19.0,7.0,15.0,13.0,9.0,7.0,€19.2M
1364.0,192358.0,S. Padt,28.0,https://cdn.sofifa.org/players/4/19/192358.png,Netherlands,https://cdn.sofifa.org/flags/34.png,76.0,78.0,FC Groningen,https://cdn.sofifa.org/teams/2/light/1915.png,€6.5M,€8K,1205.0,Right,1.0,3,1.0,Medium/ Medium,Normal,No,GK,1.0,"Jul 1, 2014",,2021,6'6,187lbs,,,,,,,,,,,,,,,,,,,,,,,,,,,18.0,16.0,20.0,32.0,13.0,19.0,18.0,19.0,52.0,33.0,41.0,35.0,31.0,74.0,44.0,39.0,63.0,30.0,69.0,19.0,26.0,13.0,10.0,39.0,25.0,57.0,11.0,13.0,14.0,78.0,73.0,67.0,74.0,77.0,€9.9M
1377.0,203888.0,Eric Botteghin,30.0,https://cdn.sofifa.org/players/4/19/203888.png,Brazil,https://cdn.sofifa.org/flags/54.png,76.0,76.0,Feyenoord,https://cdn.sofifa.org/teams/2/light/246.png,€5.5M,€13K,1529.0,Right,1.0,2,2.0,Low/ High,Stocky,No,RCB,33.0,"Aug 13, 2015",,2019,6'3,196lbs,49+2,49+2,49+2,43+2,45+2,45+2,45+2,43+2,46+2,46+2,46+2,46+2,55+2,55+2,55+2,46+2,60+2,68+2,68+2,68+2,60+2,62+2,75+2,75+2,75+2,62+2,30.0,25.0,82.0,61.0,20.0,51.0,25.0,33.0,63.0,60.0,35.0,33.0,33.0,70.0,34.0,59.0,77.0,64.0,91.0,40.0,76.0,76.0,23.0,32.0,42.0,67.0,77.0,78.0,70.0,15.0,12.0,13.0,14.0,15.0,€7.7M
1399.0,208004.0,J. Veltman,26.0,https://cdn.sofifa.org/players/4/19/208004.png,Netherlands,https://cdn.sofifa.org/flags/34.png,76.0,77.0,Ajax,https://cdn.sofifa.org/teams/2/light/245.png,€7.5M,€16K,1843.0,Right,2.0,4,2.0,Medium/ High,Normal,No,RB,3.0,"Jul 1, 2012",,2020,6'0,165lbs,61+2,61+2,61+2,63+2,62+2,62+2,62+2,63+2,63+2,63+2,63+2,66+2,67+2,67+2,67+2,66+2,74+2,75+2,75+2,75+2,74+2,74+2,76+2,76+2,76+2,74+2,70.0,50.0,73.0,73.0,38.0,64.0,40.0,34.0,73.0,66.0,63.0,68.0,67.0,77.0,68.0,60.0,72.0,81.0,74.0,41.0,81.0,80.0,55.0,56.0,42.0,74.0,76.0,80.0,78.0,7.0,10.0,6.0,9.0,11.0,€11.1M
1406.0,233096.0,D. Dumfries,22.0,https://cdn.sofifa.org/players/4/19/233096.png,Netherlands,https://cdn.sofifa.org/flags/34.png,76.0,81.0,PSV,https://cdn.sofifa.org/teams/2/light/247.png,€8.5M,€13K,1906.0,Right,1.0,2,3.0,High/ Medium,Normal,No,RB,12.0,"Jul 1, 2018",,2023,6'2,176lbs,65+2,65+2,65+2,67+2,66+2,66+2,66+2,67+2,65+2,65+2,65+2,70+2,67+2,67+2,67+2,70+2,74+2,71+2,71+2,71+2,74+2,74+2,73+2,73+2,73+2,74+2,77.0,47.0,73.0,69.0,28.0,71.0,50.0,50.0,65.0,69.0,80.0,84.0,68.0,72.0,53.0,66.0,83.0,88.0,87.0,40.0,76.0,68.0,69.0,58.0,43.0,67.0,68.0,76.0,74.0,10.0,10.0,7.0,13.0,14.0,€12.5M
1541.0,198640.0,Z. Labyad,25.0,https://cdn.sofifa.org/players/4/19/198640.png,Morocco,https://cdn.sofifa.org/flags/129.png,76.0,79.0,Ajax,https://cdn.sofifa.org/teams/2/light/245.png,€9.5M,€17K,1913.0,Right,1.0,5,4.0,Medium/ Low,Normal,No,CAM,19.0,"Jul 1, 2018",,2022,5'8,143lbs,71+2,71+2,71+2,75+2,75+2,75+2,75+2,75+2,75+2,75+2,75+2,74+2,69+2,69+2,69+2,74+2,58+2,54+2,54+2,54+2,58+2,54+2,45+2,45+2,45+2,54+2,76.0,70.0,49.0,72.0,74.0,79.0,84.0,83.0,64.0,81.0,78.0,74.0,77.0,72.0,82.0,83.0,64.0,69.0,61.0,79.0,32.0,31.0,69.0,80.0,68.0,79.0,38.0,36.0,28.0,10.0,10.0,14.0,15.0,11.0,€14M
1567.0,199422.0,J. Clasie,27.0,https://cdn.sofifa.org/players/4/19/199422.png,Netherlands,https://cdn.sofifa.org/flags/34.png,76.0,77.0,Feyenoord,https://cdn.sofifa.org/teams/2/light/246.png,€8.5M,€44K,2020.0,Right,2.0,4,3.0,Medium/ Medium,Normal,Yes,RCM,8.0,,Southampton,"Jun 30, 2019",5'7,150lbs,64+2,64+2,64+2,70+2,70+2,70+2,70+2,70+2,73+2,73+2,73+2,71+2,75+2,75+2,75+2,71+2,71+2,74+2,74+2,74+2,71+2,68+2,67+2,67+2,67+2,68+2,66.0,55.0,27.0,80.0,72.0,70.0,77.0,70.0,74.0,80.0,69.0,61.0,74.0,74.0,91.0,79.0,68.0,68.0,67.0,73.0,81.0,80.0,65.0,79.0,64.0,73.0,71.0,71.0,61.0,11.0,11.0,14.0,10.0,7.0,
1574.0,198657.0,J. Svensson,25.0,https://cdn.sofifa.org/players/4/19/198657.png,Norway,https://cdn.sofifa.org/flags/36.png,75.0,78.0,AZ Alkmaar,https://cdn.sofifa.org/teams/2/light/1906.png,€7M,€13K,2029.0,Right,1.0,3,3.0,High/ High,Stocky,No,RB,16.0,"Jan 30, 2017",,2021,5'7,154lbs,67+2,67+2,67+2,69+2,68+2,68+2,68+2,69+2,68+2,68+2,68+2,71+2,70+2,70+2,70+2,71+2,74+2,73+2,73+2,73+2,74+2,74+2,72+2,72+2,72+2,74+2,74.0,55.0,59.0,73.0,61.0,73.0,72.0,54.0,66.0,69.0,76.0,79.0,74.0,72.0,86.0,74.0,73.0,89.0,77.0,58.0,81.0,72.0,68.0,65.0,48.0,71.0,70.0,75.0,76.0,15.0,12.0,7.0,10.0,16.0,€11M
1576.0,198658.0,F. Midtsjø,24.0,https://cdn.sofifa.org/players/4/19/198658.png,Norway,https://cdn.sofifa.org/flags/36.png,75.0,78.0,AZ Alkmaar,https://cdn.sofifa.org/teams/2/light/1906.png,€8.5M,€13K,2015.0,Right,1.0,3,3.0,High/ Medium,Normal,No,CM,8.0,"Aug 26, 2017",,2022,5'9,154lbs,69+2,69+2,69+2,71+2,71+2,71+2,71+2,71+2,73+2,73+2,73+2,73+2,74+2,74+2,74+2,73+2,72+2,73+2,73+2,73+2,72+2,71+2,69+2,69+2,69+2,71+2,65.0,62.0,58.0,78.0,62.0,73.0,66.0,55.0,73.0,75.0,74.0,73.0,80.0,76.0,83.0,72.0,65.0,87.0,73.0,69.0,74.0,72.0,68.0,74.0,51.0,77.0,67.0,68.0,65.0,8.0,12.0,11.0,13.0,13.0,€13.4M
1586.0,213000.0,S. van Beek,23.0,https://cdn.sofifa.org/players/4/19/213000.png,Netherlands,https://cdn.sofifa.org/flags/34.png,75.0,78.0,Feyenoord,https://cdn.sofifa.org/teams/2/light/246.png,€7M,€11K,1628.0,Right,1.0,2,2.0,Low/ Medium,Normal,No,CB,3.0,"Jan 1, 2013",,2021,6'2,168lbs,49+2,49+2,49+2,47+2,48+2,48+2,48+2,47+2,50+2,50+2,50+2,52+2,58+2,58+2,58+2,52+2,65+2,70+2,70+2,70+2,65+2,68+2,74+2,74+2,74+2,68+2,42.0,23.0,76.0,68.0,29.0,44.0,30.0,36.0,74.0,59.0,60.0,67.0,50.0,70.0,54.0,64.0,70.0,68.0,77.0,30.0,73.0,74.0,18.0,45.0,54.0,66.0,75.0,79.0,76.0,8.0,9.0,8.0,9.0,9.0,€10.3M
1589.0,210441.0,Fran Sol,26.0,https://cdn.sofifa.org/players/4/19/210441.png,Spain,https://cdn.sofifa.org/flags/45.png,75.0,76.0,Willem II,https://cdn.sofifa.org/teams/2/light/1907.png,€8M,€11K,1767.0,Right,1.0,3,3.0,Medium/ Low,Normal,No,ST,9.0,"Jul 1, 2016",,2019,5'11,170lbs,73+2,73+2,73+2,66+2,70+2,70+2,70+2,66+2,67+2,67+2,67+2,64+2,61+2,61+2,61+2,64+2,48+2,49+2,49+2,49+2,48+2,47+2,47+2,47+2,47+2,47+2,37.0,80.0,78.0,62.0,69.0,63.0,61.0,62.0,49.0,70.0,67.0,68.0,68.0,76.0,65.0,78.0,82.0,69.0,73.0,73.0,51.0,28.0,74.0,62.0,72.0,69.0,37.0,25.0,19.0,10.0,6.0,9.0,13.0,11.0,€12.2M
1714.0,204102.0,Y. Ayoub,24.0,https://cdn.sofifa.org/players/4/19/204102.png,Morocco,https://cdn.sofifa.org/flags/129.png,75.0,79.0,Feyenoord,https://cdn.sofifa.org/teams/2/light/246.png,€8.5M,€12K,2044.0,Left,1.0,3,3.0,Medium/ Medium,Stocky,No,CM,18.0,"Jul 1, 2018",,2022,5'9,154lbs,69+2,69+2,69+2,73+2,72+2,72+2,72+2,73+2,73+2,73+2,73+2,74+2,74+2,74+2,74+2,74+2,74+2,72+2,72+2,72+2,74+2,72+2,67+2,67+2,67+2,72+2,81.0,65.0,52.0,75.0,66.0,79.0,74.0,67.0,73.0,78.0,72.0,68.0,74.0,74.0,91.0,75.0,40.0,80.0,69.0,65.0,74.0,68.0,67.0,77.0,70.0,78.0,65.0,72.0,74.0,16.0,10.0,8.0,16.0,9.0,€12.5M
1753.0,186456.0,J. van der Heijden,30.0,https://cdn.sofifa.org/players/4/19/186456.png,Netherlands,https://cdn.sofifa.org/flags/34.png,75.0,75.0,Feyenoord,https://cdn.sofifa.org/teams/2/light/246.png,€4.9M,€13K,1943.0,Left,1.0,3,3.0,Medium/ Medium,Normal,No,LCB,6.0,"Jul 27, 2015",,2020,6'1,168lbs,64+2,64+2,64+2,64+2,66+2,66+2,66+2,64+2,68+2,68+2,68+2,65+2,72+2,72+2,72+2,65+2,69+2,74+2,74+2,74+2,69+2,69+2,73+2,73+2,73+2,69+2,61.0,49.0,75.0,76.0,42.0,69.0,80.0,73.0,77.0,75.0,40.0,43.0,60.0,74.0,63.0,75.0,82.0,72.0,75.0,68.0,69.0,75.0,65.0,72.0,66.0,80.0,75.0,75.0,73.0,6.0,15.0,10.0,7.0,6.0,€6.9M
1760.0,220763.0,R. Thomas,23.0,https://cdn.sofifa.org/players/4/19/220763.png,New Zealand,https://cdn.sofifa.org/flags/198.png,75.0,80.0,PSV,https://cdn.sofifa.org/teams/2/light/247.png,€9M,€13K,1935.0,Right,1.0,4,3.0,Medium/ High,Normal,No,RCM,14.0,"Aug 14, 2018",,2022,5'9,141lbs,63+2,63+2,63+2,71+2,70+2,70+2,70+2,71+2,73+2,73+2,73+2,73+2,73+2,73+2,73+2,73+2,69+2,70+2,70+2,70+2,69+2,67+2,62+2,62+2,62+2,67+2,67.0,52.0,34.0,75.0,50.0,78.0,62.0,63.0,76.0,79.0,77.0,75.0,77.0,74.0,78.0,70.0,84.0,75.0,60.0,61.0,71.0,75.0,64.0,78.0,63.0,77.0,58.0,58.0,56.0,10.0,12.0,6.0,8.0,9.0,€13.3M
1816.0,198006.0,J. Toornstra,29.0,https://cdn.sofifa.org/players/4/19/198006.png,Netherlands,https://cdn.sofifa.org/flags/34.png,75.0,75.0,Feyenoord,https://cdn.sofifa.org/teams/2/light/246.png,€6.5M,€14K,2008.0,Right,1.0,3,3.0,High/ High,Normal,No,CAM,28.0,"Aug 25, 2014",,2021,5'10,163lbs,73+2,73+2,73+2,72+2,73+2,73+2,73+2,72+2,73+2,73+2,73+2,73+2,73+2,73+2,73+2,73+2,68+2,68+2,68+2,68+2,68+2,66+2,62+2,62+2,62+2,66+2,75.0,75.0,65.0,77.0,74.0,71.0,74.0,73.0,75.0,74.0,63.0,68.0,67.0,75.0,72.0,82.0,53.0,92.0,70.0,77.0,69.0,50.0,75.0,73.0,56.0,77.0,67.0,56.0,53.0,14.0,15.0,16.0,6.0,6.0,€9.1M
1818.0,209782.0,S. Larsson,25.0,https://cdn.sofifa.org/players/4/19/209782.png,Sweden,https://cdn.sofifa.org/flags/46.png,75.0,77.0,Feyenoord,https://cdn.sofifa.org/teams/2/light/246.png,€8M,€14K,1871.0,Right,1.0,2,5.0,Medium/ Medium,Normal,No,LW,11.0,"Aug 21, 2017",,2021,5'10,154lbs,69+2,69+2,69+2,74+2,73+2,73+2,73+2,74+2,74+2,74+2,74+2,73+2,71+2,71+2,71+2,73+2,59+2,58+2,58+2,58+2,59+2,55+2,47+2,47+2,47+2,55+2,68.0,68.0,40.0,72.0,66.0,82.0,77.0,78.0,70.0,80.0,74.0,74.0,83.0,70.0,76.0,77.0,50.0,72.0,64.0,79.0,47.0,52.0,69.0,74.0,55.0,74.0,29.0,42.0,25.0,14.0,12.0,15.0,10.0,7.0,€11.8M
1896.0,193440.0,N. Viergever,28.0,https://cdn.sofifa.org/players/4/19/193440.png,Netherlands,https://cdn.sofifa.org/flags/34.png,75.0,75.0,PSV,https://cdn.sofifa.org/teams/2/light/247.png,€5.5M,€15K,1837.0,Left,1.0,2,2.0,Medium/ High,Normal,No,LCB,4.0,"Jul 1, 2018",,2022,6'0,170lbs,60+2,60+2,60+2,61+2,60+2,60+2,60+2,61+2,60+2,60+2,60+2,63+2,65+2,65+2,65+2,63+2,71+2,72+2,72+2,72+2,71+2,72+2,74+2,74+2,74+2,72+2,60.0,42.0,72.0,68.0,41.0,63.0,45.0,39.0,69.0,67.0,67.0,73.0,65.0,71.0,67.0,64.0,76.0,85.0,74.0,48.0,81.0,75.0,55.0,50.0,48.0,68.0,76.0,74.0,76.0,8.0,9.0,11.0,7.0,11.0,€7.7M
1924.0,200110.0,M. Bizot,27.0,https://cdn.sofifa.org/players/4/19/200110.png,Netherlands,https://cdn.sofifa.org/flags/34.png,75.0,78.0,AZ Alkmaar,https://cdn.sofifa.org/teams/2/light/1906.png,€5.5M,€11K,1213.0,Right,1.0,2,1.0,Medium/ Medium,Normal,No,GK,23.0,"Jul 1, 2017",,2021,6'4,187lbs,,,,,,,,,,,,,,,,,,,,,,,,,,,20.0,15.0,16.0,28.0,13.0,12.0,20.0,15.0,33.0,32.0,45.0,47.0,50.0,74.0,40.0,26.0,67.0,32.0,64.0,14.0,39.0,17.0,13.0,47.0,36.0,60.0,11.0,12.0,14.0,79.0,72.0,63.0,71.0,76.0,€8.7M
1975.0,204233.0,C. Musonda,21.0,https://cdn.sofifa.org/players/4/19/204233.png,Belgium,https://cdn.sofifa.org/flags/7.png,75.0,85.0,Vitesse,https://cdn.sofifa.org/teams/2/light/1909.png,€11M,€64K,1694.0,Right,1.0,5,4.0,Medium/ Medium,Lean,Yes,RW,20.0,,Chelsea,"Jun 30, 2019",5'8,146lbs,67+2,67+2,67+2,75+2,73+2,73+2,73+2,75+2,73+2,73+2,73+2,74+2,66+2,66+2,66+2,74+2,53+2,48+2,48+2,48+2,53+2,49+2,35+2,35+2,35+2,49+2,72.0,66.0,39.0,73.0,52.0,82.0,69.0,59.0,70.0,79.0,89.0,80.0,92.0,72.0,84.0,70.0,38.0,60.0,41.0,62.0,32.0,21.0,68.0,67.0,55.0,66.0,24.0,20.0,22.0,6.0,6.0,7.0,8.0,9.0,
2008.0,169181.0,K. Vermeer,32.0,https://cdn.sofifa.org/players/4/19/169181.png,Netherlands,https://cdn.sofifa.org/flags/34.png,75.0,75.0,Feyenoord,https://cdn.sofifa.org/teams/2/light/246.png,€3.8M,€10K,1337.0,Right,2.0,4,1.0,Medium/ Medium,Normal,No,GK,1.0,"Sep 1, 2014",,2020,6'0,176lbs,,,,,,,,,,,,,,,,,,,,,,,,,,,13.0,13.0,16.0,53.0,11.0,25.0,16.0,13.0,33.0,39.0,60.0,55.0,64.0,71.0,57.0,24.0,80.0,36.0,57.0,13.0,35.0,25.0,19.0,66.0,30.0,64.0,14.0,16.0,14.0,78.0,65.0,69.0,77.0,80.0,€5.4M
2058.0,202746.0,T. Serero,28.0,https://cdn.sofifa.org/players/4/19/202746.png,South Africa,https://cdn.sofifa.org/flags/140.png,75.0,75.0,Vitesse,https://cdn.sofifa.org/teams/2/light/1909.png,€6.5M,€15K,1876.0,Right,1.0,4,3.0,Low/ High,Lean,No,RCM,17.0,"Jul 1, 2017",,2020,5'8,128lbs,61+2,61+2,61+2,69+2,69+2,69+2,69+2,69+2,72+2,72+2,72+2,71+2,73+2,73+2,73+2,71+2,71+2,72+2,72+2,72+2,71+2,70+2,65+2,65+2,65+2,70+2,50.0,51.0,46.0,78.0,46.0,74.0,66.0,43.0,70.0,80.0,83.0,77.0,83.0,77.0,90.0,48.0,60.0,83.0,39.0,48.0,68.0,79.0,63.0,72.0,49.0,77.0,65.0,72.0,59.0,7.0,14.0,14.0,12.0,10.0,€9.8M
2070.0,220673.0,R. Tapia,22.0,https://cdn.sofifa.org/players/4/19/220673.png,Peru,https://cdn.sofifa.org/flags/59.png,74.0,79.0,Feyenoord,https://cdn.sofifa.org/teams/2/light/246.png,€6.5M,€10K,1981.0,Right,1.0,4,3.0,Medium/ Medium,Normal,No,RDM,13.0,"Jan 27, 2016",,2020,6'0,172lbs,64+2,64+2,64+2,66+2,66+2,66+2,66+2,66+2,67+2,67+2,67+2,68+2,70+2,70+2,70+2,68+2,71+2,73+2,73+2,73+2,71+2,71+2,73+2,73+2,73+2,71+2,60.0,44.0,66.0,71.0,63.0,74.0,65.0,54.0,75.0,76.0,72.0,66.0,72.0,68.0,67.0,69.0,82.0,77.0,77.0,62.0,82.0,74.0,60.0,66.0,61.0,63.0,71.0,72.0,75.0,16.0,14.0,7.0,15.0,8.0,€9.6M
2103.0,181780.0,T. Matavž,29.0,https://cdn.sofifa.org/players/4/19/181780.png,Slovenia,https://cdn.sofifa.org/flags/44.png,74.0,74.0,Vitesse,https://cdn.sofifa.org/teams/2/light/1909.png,€5.5M,€15K,1717.0,Right,2.0,4,3.0,Medium/ Low,Normal,No,ST,9.0,"Jul 1, 2017",,2020,6'2,179lbs,72+2,72+2,72+2,66+2,70+2,70+2,70+2,66+2,67+2,67+2,67+2,63+2,60+2,60+2,60+2,63+2,46+2,46+2,46+2,46+2,46+2,44+2,44+2,44+2,44+2,44+2,43.0,79.0,75.0,65.0,74.0,69.0,69.0,55.0,36.0,74.0,52.0,55.0,61.0,73.0,53.0,75.0,72.0,67.0,76.0,69.0,56.0,20.0,78.0,62.0,70.0,77.0,29.0,23.0,22.0,10.0,15.0,16.0,12.0,12.0,€8.3M
2131.0,163873.0,Eduardo,35.0,https://cdn.sofifa.org/players/4/19/163873.png,Portugal,https://cdn.sofifa.org/flags/38.png,74.0,74.0,Vitesse,https://cdn.sofifa.org/teams/2/light/1909.png,€1.3M,€34K,1212.0,Right,2.0,3,1.0,Medium/ Medium,Normal,No,GK,1.0,,Chelsea,"Jun 30, 2019",6'2,194lbs,,,,,,,,,,,,,,,,,,,,,,,,,,,13.0,20.0,12.0,22.0,11.0,11.0,11.0,14.0,32.0,32.0,42.0,41.0,58.0,64.0,57.0,38.0,73.0,18.0,69.0,18.0,28.0,22.0,11.0,40.0,37.0,61.0,12.0,20.0,20.0,73.0,73.0,71.0,76.0,73.0,
2149.0,240679.0,T. Koopmeiners,20.0,https://cdn.sofifa.org/players/4/19/240679.png,Netherlands,https://cdn.sofifa.org/flags/34.png,74.0,83.0,AZ Alkmaar,https://cdn.sofifa.org/teams/2/light/1906.png,€8.5M,€10K,2024.0,Left,1.0,3,3.0,Medium/ Medium,Normal,No,LCB,8.0,"Aug 13, 2017",,2022,6'0,170lbs,69+2,69+2,69+2,71+2,71+2,71+2,71+2,71+2,71+2,71+2,71+2,72+2,72+2,72+2,72+2,72+2,71+2,71+2,71+2,71+2,71+2,70+2,68+2,68+2,68+2,70+2,76.0,65.0,66.0,73.0,64.0,67.0,67.0,66.0,74.0,75.0,69.0,72.0,67.0,75.0,69.0,75.0,76.0,80.0,74.0,75.0,69.0,69.0,67.0,76.0,67.0,72.0,66.0,66.0,61.0,14.0,8.0,14.0,12.0,10.0,€14.5M
2248.0,199000.0,T. Sainsbury,26.0,https://cdn.sofifa.org/players/4/19/199000.png,Australia,https://cdn.sofifa.org/flags/195.png,74.0,77.0,PSV,https://cdn.sofifa.org/teams/2/light/247.png,€6M,€13K,1836.0,Right,1.0,3,2.0,Medium/ Medium,Lean,No,RCB,20.0,"Aug 7, 2018",,2021,6'0,172lbs,59+2,59+2,59+2,59+2,58+2,58+2,58+2,59+2,59+2,59+2,59+2,61+2,63+2,63+2,63+2,61+2,70+2,70+2,70+2,70+2,70+2,71+2,73+2,73+2,73+2,71+2,58.0,45.0,74.0,67.0,33.0,55.0,62.0,25.0,68.0,55.0,74.0,74.0,67.0,74.0,73.0,61.0,77.0,75.0,76.0,43.0,62.0,77.0,52.0,62.0,63.0,70.0,82.0,70.0,76.0,13.0,12.0,11.0,14.0,6.0,€8.9M
2328.0,235134.0,P. Rosario,21.0,https://cdn.sofifa.org/players/4/19/235134.png,Netherlands,https://cdn.sofifa.org/flags/34.png,74.0,82.0,PSV,https://cdn.sofifa.org/teams/2/light/247.png,€7M,€9K,1889.0,Right,1.0,3,3.0,Medium/ Medium,Normal,No,RCM,18.0,"Jul 25, 2016",,2020,6'2,161lbs,66+2,66+2,66+2,65+2,67+2,67+2,67+2,65+2,68+2,68+2,68+2,66+2,71+2,71+2,71+2,66+2,67+2,72+2,72+2,72+2,67+2,68+2,71+2,71+2,71+2,68+2,40.0,58.0,63.0,75.0,52.0,68.0,34.0,52.0,76.0,74.0,71.0,73.0,67.0,68.0,72.0,70.0,74.0,75.0,83.0,65.0,68.0,73.0,56.0,69.0,58.0,68.0,71.0,72.0,67.0,12.0,12.0,7.0,9.0,5.0,€11.2M
2351.0,168585.0,R. Vlaar,33.0,https://cdn.sofifa.org/players/4/19/168585.png,Netherlands,https://cdn.sofifa.org/flags/34.png,74.0,74.0,AZ Alkmaar,https://cdn.sofifa.org/teams/2/light/1906.png,€2.3M,€13K,1669.0,Right,2.0,4,2.0,Medium/ Medium,Normal,Yes,RCB,4.0,"Dec 7, 2015",,2019,6'2,176lbs,57+2,57+2,57+2,49+2,54+2,54+2,54+2,49+2,55+2,55+2,55+2,50+2,61+2,61+2,61+2,50+2,58+2,69+2,69+2,69+2,58+2,60+2,73+2,73+2,73+2,60+2,29.0,47.0,71.0,68.0,55.0,52.0,39.0,69.0,67.0,60.0,30.0,35.0,30.0,68.0,40.0,76.0,50.0,45.0,92.0,64.0,72.0,74.0,39.0,59.0,67.0,72.0,78.0,76.0,71.0,11.0,9.0,8.0,11.0,7.0,€3.4M
2370.0,235663.0,G. Til,20.0,https://cdn.sofifa.org/players/4/19/235663.png,Netherlands,https://cdn.sofifa.org/flags/34.png,74.0,80.0,AZ Alkmaar,https://cdn.sofifa.org/teams/2/light/1906.png,€8M,€10K,1922.0,Right,1.0,3,3.0,High/ High,Normal,No,CAM,10.0,"Jul 1, 2015",,2023,6'0,163lbs,70+2,70+2,70+2,70+2,72+2,72+2,72+2,70+2,73+2,73+2,73+2,72+2,73+2,73+2,73+2,72+2,67+2,68+2,68+2,68+2,67+2,66+2,61+2,61+2,61+2,66+2,57.0,72.0,58.0,78.0,58.0,67.0,55.0,63.0,73.0,74.0,68.0,74.0,69.0,77.0,73.0,70.0,52.0,90.0,69.0,69.0,56.0,66.0,74.0,74.0,66.0,72.0,52.0,58.0,55.0,12.0,6.0,12.0,11.0,14.0,€13.6M
2401.0,189084.0,E. Room,29.0,https://cdn.sofifa.org/players/4/19/189084.png,Curacao,https://cdn.sofifa.org/flags/85.png,74.0,75.0,PSV,https://cdn.sofifa.org/teams/2/light/247.png,€4.4M,€11K,1189.0,Right,1.0,3,1.0,Medium/ Medium,Normal,No,GK,13.0,"Aug 16, 2017",,2019,6'2,179lbs,,,,,,,,,,,,,,,,,,,,,,,,,,,20.0,16.0,11.0,22.0,18.0,12.0,13.0,12.0,35.0,26.0,46.0,44.0,47.0,72.0,46.0,17.0,70.0,34.0,65.0,12.0,22.0,14.0,9.0,58.0,37.0,55.0,17.0,17.0,13.0,75.0,74.0,69.0,70.0,76.0,€6.4M
2444.0,202157.0,A. Behich,27.0,https://cdn.sofifa.org/players/4/19/202157.png,Australia,https://cdn.sofifa.org/flags/195.png,74.0,75.0,PSV,https://cdn.sofifa.org/teams/2/light/247.png,€5M,€13K,1999.0,Left,1.0,4,3.0,High/ Medium,Normal,No,LB,16.0,"Aug 31, 2018",,2022,5'7,139lbs,66+2,66+2,66+2,70+2,68+2,68+2,68+2,70+2,68+2,68+2,68+2,71+2,68+2,68+2,68+2,71+2,73+2,70+2,70+2,70+2,73+2,72+2,68+2,68+2,68+2,72+2,74.0,65.0,54.0,74.0,57.0,74.0,72.0,55.0,71.0,72.0,84.0,83.0,84.0,66.0,86.0,72.0,73.0,82.0,52.0,62.0,79.0,66.0,63.0,50.0,47.0,65.0,70.0,73.0,74.0,14.0,11.0,11.0,14.0,15.0,€7.4M
2495.0,222665.0,M. Ødegaard,19.0,https://cdn.sofifa.org/players/4/19/222665.png,Norway,https://cdn.sofifa.org/flags/36.png,74.0,84.0,Vitesse,https://cdn.sofifa.org/teams/2/light/1909.png,€9M,€54K,1762.0,Left,1.0,4,5.0,Medium/ Medium,Lean,No,RW,11.0,,Real Madrid,"Jun 30, 2019",5'10,150lbs,62+2,62+2,62+2,74+2,71+2,71+2,71+2,74+2,74+2,74+2,74+2,74+2,70+2,70+2,70+2,74+2,60+2,56+2,56+2,56+2,60+2,55+2,42+2,42+2,42+2,55+2,74.0,59.0,38.0,75.0,65.0,83.0,74.0,70.0,68.0,85.0,76.0,70.0,78.0,72.0,76.0,55.0,46.0,64.0,33.0,57.0,32.0,48.0,62.0,80.0,59.0,77.0,38.0,31.0,32.0,14.0,15.0,15.0,8.0,10.0,
2515.0,210384.0,R. Haps,25.0,https://cdn.sofifa.org/players/4/19/210384.png,Netherlands,https://cdn.sofifa.org/flags/34.png,74.0,77.0,Feyenoord,https://cdn.sofifa.org/teams/2/light/246.png,€6M,€11K,1943.0,Left,1.0,3,3.0,High/ Medium,Normal,No,LB,5.0,"Jul 18, 2017",,2022,5'9,146lbs,64+2,64+2,64+2,69+2,67+2,67+2,67+2,69+2,67+2,67+2,67+2,70+2,66+2,66+2,66+2,70+2,73+2,69+2,69+2,69+2,73+2,73+2,69+2,69+2,69+2,73+2,72.0,47.0,55.0,67.0,49.0,75.0,65.0,47.0,60.0,72.0,85.0,90.0,81.0,73.0,80.0,66.0,73.0,80.0,64.0,53.0,75.0,72.0,70.0,55.0,50.0,68.0,70.0,72.0,70.0,13.0,8.0,15.0,6.0,13.0,€8.9M
2607.0,188416.0,S. Wuytens,28.0,https://cdn.sofifa.org/players/4/19/188416.png,Belgium,https://cdn.sofifa.org/flags/7.png,73.0,73.0,AZ Alkmaar,https://cdn.sofifa.org/teams/2/light/1906.png,€3.2M,€12K,1990.0,Left,1.0,4,3.0,Medium/ Medium,Normal,No,CB,30.0,"Jan 22, 2016",,2020,6'0,163lbs,64+2,64+2,64+2,65+2,65+2,65+2,65+2,65+2,68+2,68+2,68+2,67+2,72+2,72+2,72+2,67+2,71+2,73+2,73+2,73+2,71+2,71+2,72+2,72+2,72+2,71+2,68.0,51.0,74.0,76.0,60.0,63.0,74.0,75.0,76.0,74.0,56.0,60.0,68.0,74.0,67.0,72.0,75.0,81.0,73.0,68.0,62.0,75.0,58.0,72.0,57.0,75.0,75.0,72.0,70.0,13.0,8.0,13.0,15.0,15.0,€4.9M
2642.0,219409.0,V. Karavaev,23.0,https://cdn.sofifa.org/players/4/19/219409.png,Russia,https://cdn.sofifa.org/flags/40.png,73.0,77.0,Vitesse,https://cdn.sofifa.org/teams/2/light/1909.png,€4.3M,€10K,1960.0,Right,1.0,3,3.0,High/ Medium,Lean,No,RB,8.0,"Jan 31, 2018",,2021,5'9,143lbs,65+2,65+2,65+2,67+2,67+2,67+2,67+2,67+2,67+2,67+2,67+2,69+2,69+2,69+2,69+2,69+2,72+2,70+2,70+2,70+2,72+2,72+2,68+2,68+2,68+2,72+2,72.0,52.0,62.0,71.0,50.0,68.0,64.0,63.0,69.0,69.0,76.0,77.0,71.0,69.0,73.0,73.0,74.0,85.0,59.0,67.0,69.0,70.0,66.0,64.0,55.0,72.0,70.0,73.0,71.0,14.0,13.0,12.0,9.0,10.0,€6.8M
2649.0,189715.0,M. Vejinović,28.0,https://cdn.sofifa.org/players/4/19/189715.png,Netherlands,https://cdn.sofifa.org/flags/34.png,73.0,73.0,AZ Alkmaar,https://cdn.sofifa.org/teams/2/light/1906.png,€4M,€14K,1966.0,Right,1.0,2,3.0,Low/ Medium,Lean,No,CM,18.0,"Jul 1, 2018",,2022,6'1,168lbs,66+2,66+2,66+2,67+2,67+2,67+2,67+2,67+2,69+2,69+2,69+2,67+2,71+2,71+2,71+2,67+2,65+2,67+2,67+2,67+2,65+2,63+2,64+2,64+2,64+2,63+2,81.0,57.0,70.0,81.0,71.0,64.0,82.0,82.0,79.0,74.0,41.0,60.0,69.0,66.0,63.0,81.0,75.0,55.0,68.0,76.0,53.0,66.0,64.0,74.0,76.0,74.0,62.0,63.0,52.0,7.0,15.0,9.0,14.0,16.0,€6M
2685.0,226853.0,J. St. Juste,21.0,https://cdn.sofifa.org/players/4/19/226853.png,Netherlands,https://cdn.sofifa.org/flags/34.png,73.0,78.0,Feyenoord,https://cdn.sofifa.org/teams/2/light/246.png,€4.5M,€8K,1916.0,Right,1.0,3,3.0,High/ Medium,Lean,No,RB,4.0,"Jul 18, 2017",,2021,6'1,157lbs,66+2,66+2,66+2,68+2,67+2,67+2,67+2,68+2,67+2,67+2,67+2,69+2,67+2,67+2,67+2,69+2,72+2,70+2,70+2,70+2,72+2,72+2,72+2,72+2,72+2,72+2,64.0,59.0,68.0,70.0,48.0,73.0,33.0,37.0,68.0,72.0,83.0,82.0,78.0,68.0,64.0,66.0,86.0,75.0,72.0,47.0,75.0,73.0,64.0,56.0,59.0,68.0,70.0,74.0,73.0,12.0,14.0,9.0,13.0,11.0,€6.6M
2712.0,227633.0,B. Ramselaar,22.0,https://cdn.sofifa.org/players/4/19/227633.png,Netherlands,https://cdn.sofifa.org/flags/34.png,73.0,79.0,PSV,https://cdn.sofifa.org/teams/2/light/247.png,€5.5M,€11K,1922.0,Right,1.0,3,3.0,High/ Medium,Lean,No,CAM,23.0,"Aug 18, 2016",,2021,5'10,163lbs,68+2,68+2,68+2,72+2,71+2,71+2,71+2,72+2,72+2,72+2,72+2,72+2,70+2,70+2,70+2,72+2,67+2,66+2,66+2,66+2,67+2,65+2,60+2,60+2,60+2,65+2,63.0,62.0,56.0,75.0,64.0,73.0,66.0,57.0,68.0,75.0,83.0,83.0,77.0,74.0,74.0,66.0,52.0,81.0,64.0,64.0,67.0,60.0,72.0,69.0,58.0,70.0,63.0,52.0,48.0,7.0,10.0,15.0,12.0,12.0,€8.8M
2736.0,235320.0,B. Johnsen,26.0,https://cdn.sofifa.org/players/4/19/235320.png,Norway,https://cdn.sofifa.org/flags/36.png,73.0,74.0,AZ Alkmaar,https://cdn.sofifa.org/teams/2/light/1906.png,€4.8M,€14K,1765.0,Right,1.0,2,2.0,Medium/ Medium,Lean,No,LS,9.0,"Jul 27, 2018",,2022,6'5,179lbs,71+2,71+2,71+2,66+2,68+2,68+2,68+2,66+2,65+2,65+2,65+2,65+2,59+2,59+2,59+2,65+2,51+2,50+2,50+2,50+2,51+2,50+2,50+2,50+2,50+2,50+2,44.0,74.0,78.0,59.0,64.0,69.0,49.0,41.0,53.0,68.0,74.0,77.0,74.0,65.0,58.0,69.0,77.0,78.0,78.0,73.0,68.0,21.0,75.0,52.0,68.0,68.0,39.0,37.0,30.0,12.0,11.0,9.0,7.0,14.0,€7.5M
2844.0,186982.0,A. Büttner,29.0,https://cdn.sofifa.org/players/4/19/186982.png,Netherlands,https://cdn.sofifa.org/flags/34.png,73.0,73.0,Vitesse,https://cdn.sofifa.org/teams/2/light/1909.png,€3M,€12K,2066.0,Left,1.0,3,3.0,High/ Medium,Normal,Yes,LB,28.0,"Jan 16, 2017",,2019,5'9,165lbs,69+2,69+2,69+2,71+2,70+2,70+2,70+2,71+2,70+2,70+2,70+2,72+2,70+2,70+2,70+2,72+2,72+2,70+2,70+2,70+2,72+2,71+2,70+2,70+2,70+2,71+2,80.0,58.0,65.0,71.0,60.0,73.0,78.0,75.0,72.0,74.0,74.0,77.0,70.0,70.0,74.0,82.0,73.0,71.0,68.0,72.0,79.0,66.0,70.0,69.0,74.0,69.0,67.0,73.0,74.0,8.0,11.0,14.0,14.0,10.0,€4.5M
2951.0,199568.0,K. Lamprou,26.0,https://cdn.sofifa.org/players/4/19/199568.png,Greece,https://cdn.sofifa.org/flags/22.png,73.0,74.0,Ajax,https://cdn.sofifa.org/teams/2/light/245.png,€3.2M,€11K,1192.0,Left,1.0,3,1.0,Medium/ Medium,Normal,No,GK,26.0,"Aug 1, 2017",,2019,5'10,185lbs,,,,,,,,,,,,,,,,,,,,,,,,,,,11.0,18.0,11.0,34.0,15.0,15.0,15.0,12.0,37.0,32.0,44.0,44.0,50.0,76.0,50.0,43.0,80.0,30.0,42.0,18.0,27.0,11.0,8.0,47.0,30.0,55.0,9.0,11.0,11.0,78.0,65.0,75.0,65.0,78.0,€4.7M
2991.0,231838.0,M. Wöber,20.0,https://cdn.sofifa.org/players/4/19/231838.png,Austria,https://cdn.sofifa.org/flags/4.png,73.0,81.0,Ajax,https://cdn.sofifa.org/teams/2/light/245.png,€5M,€9K,1766.0,Left,1.0,3,2.0,Medium/ High,Normal,No,CB,5.0,"Aug 24, 2017",,2021,6'2,181lbs,56+2,56+2,56+2,59+2,58+2,58+2,58+2,59+2,59+2,59+2,59+2,62+2,63+2,63+2,63+2,62+2,69+2,69+2,69+2,69+2,69+2,70+2,72+2,72+2,72+2,70+2,61.0,32.0,74.0,67.0,34.0,62.0,42.0,31.0,67.0,65.0,71.0,76.0,65.0,68.0,62.0,48.0,76.0,74.0,78.0,35.0,77.0,68.0,52.0,58.0,42.0,70.0,72.0,72.0,75.0,13.0,13.0,14.0,14.0,8.0,€8M
3013.0,200106.0,A. Özbiliz,28.0,https://cdn.sofifa.org/players/4/19/200106.png,Armenia,https://cdn.sofifa.org/flags/3.png,73.0,73.0,Willem II,https://cdn.sofifa.org/teams/2/light/1907.png,€4M,€40K,1848.0,Left,2.0,3,4.0,Medium/ Medium,Normal,No,RW,7.0,,Beşiktaş JK,"Jun 30, 2019",5'9,159lbs,68+2,68+2,68+2,73+2,71+2,71+2,71+2,73+2,72+2,72+2,72+2,72+2,66+2,66+2,66+2,72+2,56+2,52+2,52+2,52+2,56+2,51+2,42+2,42+2,42+2,51+2,76.0,72.0,41.0,74.0,70.0,76.0,77.0,80.0,70.0,76.0,79.0,77.0,82.0,62.0,79.0,79.0,65.0,59.0,57.0,78.0,35.0,43.0,65.0,67.0,74.0,62.0,30.0,28.0,23.0,10.0,12.0,14.0,7.0,11.0,
3023.0,200111.0,R. van Rhijn,27.0,https://cdn.sofifa.org/players/4/19/200111.png,Netherlands,https://cdn.sofifa.org/flags/34.png,73.0,74.0,AZ Alkmaar,https://cdn.sofifa.org/teams/2/light/1906.png,€3.7M,€12K,1988.0,Right,2.0,2,3.0,High/ Medium,Lean,No,RB,34.0,"Aug 31, 2018",,2019,5'10,159lbs,65+2,65+2,65+2,66+2,65+2,65+2,65+2,66+2,64+2,64+2,64+2,67+2,66+2,66+2,66+2,67+2,71+2,68+2,68+2,68+2,71+2,71+2,69+2,69+2,69+2,71+2,73.0,45.0,71.0,69.0,70.0,65.0,80.0,77.0,70.0,70.0,78.0,82.0,74.0,70.0,66.0,79.0,69.0,74.0,67.0,67.0,70.0,66.0,61.0,53.0,55.0,65.0,72.0,70.0,71.0,8.0,8.0,15.0,16.0,7.0,€5.8M
3064.0,232639.0,R. Doan,20.0,https://cdn.sofifa.org/players/4/19/232639.png,Japan,https://cdn.sofifa.org/flags/163.png,73.0,84.0,FC Groningen,https://cdn.sofifa.org/teams/2/light/1915.png,€7M,€6K,1799.0,Left,1.0,3,3.0,Medium/ Medium,Normal,No,RM,7.0,"Apr 23, 2018",,2021,5'8,154lbs,66+2,66+2,66+2,71+2,70+2,70+2,70+2,71+2,71+2,71+2,71+2,71+2,67+2,67+2,67+2,71+2,60+2,56+2,56+2,56+2,60+2,56+2,46+2,46+2,46+2,56+2,70.0,67.0,45.0,72.0,59.0,75.0,67.0,59.0,68.0,72.0,78.0,75.0,86.0,70.0,93.0,72.0,42.0,75.0,54.0,76.0,41.0,41.0,61.0,73.0,45.0,68.0,39.0,36.0,42.0,8.0,5.0,6.0,13.0,14.0,€11.6M
3110.0,198868.0,N. Isimat-Mirin,26.0,https://cdn.sofifa.org/players/4/19/198868.png,France,https://cdn.sofifa.org/flags/18.png,73.0,74.0,PSV,https://cdn.sofifa.org/teams/2/light/247.png,€3.9M,€12K,1593.0,Right,1.0,3,2.0,Medium/ Medium,Normal,No,CB,2.0,"Jul 1, 2015",,2019,6'2,176lbs,47+2,47+2,47+2,45+2,44+2,44+2,44+2,45+2,46+2,46+2,46+2,49+2,53+2,53+2,53+2,49+2,63+2,67+2,67+2,67+2,63+2,66+2,72+2,72+2,72+2,66+2,47.0,28.0,75.0,67.0,14.0,36.0,30.0,40.0,65.0,53.0,59.0,68.0,55.0,64.0,54.0,52.0,75.0,66.0,82.0,35.0,77.0,71.0,19.0,34.0,49.0,65.0,72.0,74.0,72.0,14.0,6.0,16.0,9.0,15.0,€5.7M
3281.0,231447.0,D. Malen,19.0,https://cdn.sofifa.org/players/4/19/231447.png,Netherlands,https://cdn.sofifa.org/flags/34.png,72.0,83.0,PSV,https://cdn.sofifa.org/teams/2/light/247.png,€5M,€6K,1747.0,Right,1.0,3,4.0,Medium/ Medium,Normal,No,LW,14.0,"Aug 31, 2017",,2020,5'10,172lbs,69+2,69+2,69+2,71+2,70+2,70+2,70+2,71+2,69+2,69+2,69+2,70+2,60+2,60+2,60+2,70+2,50+2,45+2,45+2,45+2,50+2,47+2,41+2,41+2,41+2,47+2,59.0,66.0,58.0,68.0,66.0,77.0,58.0,57.0,42.0,74.0,91.0,87.0,85.0,67.0,76.0,68.0,74.0,68.0,73.0,59.0,58.0,19.0,66.0,65.0,60.0,72.0,24.0,17.0,16.0,7.0,9.0,9.0,10.0,14.0,€8M
3315.0,200223.0,A. Maher,24.0,https://cdn.sofifa.org/players/4/19/200223.png,Netherlands,https://cdn.sofifa.org/flags/34.png,72.0,75.0,AZ Alkmaar,https://cdn.sofifa.org/teams/2/light/1906.png,€3.9M,€10K,1927.0,Right,2.0,3,3.0,Medium/ Low,Lean,No,LCM,26.0,"Sep 12, 2018",,2019,5'9,168lbs,67+2,67+2,67+2,72+2,71+2,71+2,71+2,72+2,72+2,72+2,72+2,72+2,71+2,71+2,71+2,72+2,66+2,65+2,65+2,65+2,66+2,64+2,57+2,57+2,57+2,64+2,73.0,64.0,46.0,72.0,73.0,72.0,76.0,75.0,73.0,78.0,70.0,73.0,78.0,74.0,81.0,74.0,53.0,69.0,44.0,70.0,59.0,60.0,69.0,73.0,59.0,67.0,63.0,56.0,52.0,15.0,7.0,7.0,11.0,8.0,€6.1M
3335.0,232229.0,J. Bijlow,20.0,https://cdn.sofifa.org/players/4/19/232229.png,Netherlands,https://cdn.sofifa.org/flags/34.png,72.0,82.0,Feyenoord,https://cdn.sofifa.org/teams/2/light/246.png,€3.9M,€5K,1104.0,Right,1.0,2,1.0,Medium/ Medium,Normal,No,GK,22.0,"Jul 1, 2015",,2023,6'3,161lbs,,,,,,,,,,,,,,,,,,,,,,,,,,,10.0,10.0,11.0,33.0,10.0,11.0,10.0,10.0,44.0,21.0,44.0,43.0,32.0,69.0,30.0,23.0,67.0,30.0,71.0,10.0,22.0,10.0,10.0,57.0,16.0,52.0,14.0,12.0,14.0,75.0,67.0,76.0,67.0,75.0,€6.2M
3359.0,209711.0,R. Thelander,26.0,https://cdn.sofifa.org/players/4/19/209711.png,Denmark,https://cdn.sofifa.org/flags/13.png,72.0,72.0,Vitesse,https://cdn.sofifa.org/teams/2/light/1909.png,€2.7M,€10K,1530.0,Right,1.0,3,2.0,Low/ High,Normal,No,CB,26.0,"Jul 1, 2018",,2021,6'3,192lbs,49+2,49+2,49+2,45+2,46+2,46+2,46+2,45+2,47+2,47+2,47+2,49+2,53+2,53+2,53+2,49+2,61+2,65+2,65+2,65+2,61+2,64+2,71+2,71+2,71+2,64+2,40.0,26.0,72.0,59.0,29.0,37.0,23.0,25.0,57.0,53.0,57.0,63.0,49.0,64.0,45.0,55.0,68.0,65.0,85.0,22.0,72.0,68.0,39.0,45.0,33.0,54.0,75.0,73.0,72.0,15.0,10.0,14.0,12.0,8.0,€4.1M
3399.0,216380.0,D. Sinkgraven,22.0,https://cdn.sofifa.org/players/4/19/216380.png,Netherlands,https://cdn.sofifa.org/flags/34.png,72.0,75.0,Ajax,https://cdn.sofifa.org/teams/2/light/245.png,€3.3M,€10K,1992.0,Left,1.0,3,4.0,High/ Medium,Lean,No,LB,8.0,"Feb 1, 2015",,2019,5'10,143lbs,67+2,67+2,67+2,73+2,71+2,71+2,71+2,73+2,73+2,73+2,73+2,73+2,71+2,71+2,71+2,73+2,71+2,69+2,69+2,69+2,71+2,70+2,66+2,66+2,66+2,70+2,72.0,57.0,64.0,75.0,68.0,78.0,73.0,65.0,65.0,79.0,79.0,81.0,84.0,68.0,67.0,63.0,75.0,70.0,52.0,55.0,72.0,72.0,69.0,77.0,56.0,70.0,60.0,67.0,66.0,10.0,13.0,11.0,14.0,15.0,€4.8M
3488.0,225114.0,M. Mahi,24.0,https://cdn.sofifa.org/players/4/19/225114.png,Morocco,https://cdn.sofifa.org/flags/129.png,72.0,76.0,FC Groningen,https://cdn.sofifa.org/teams/2/light/1915.png,€4.1M,€7K,1861.0,Right,1.0,4,4.0,Medium/ Medium,Normal,No,ST,10.0,"Aug 22, 2014",,2019,5'11,152lbs,70+2,70+2,70+2,72+2,71+2,71+2,71+2,72+2,71+2,71+2,71+2,71+2,65+2,65+2,65+2,71+2,57+2,53+2,53+2,53+2,57+2,53+2,47+2,47+2,47+2,53+2,67.0,70.0,56.0,66.0,73.0,78.0,71.0,68.0,60.0,77.0,77.0,79.0,79.0,70.0,70.0,79.0,67.0,69.0,66.0,73.0,56.0,40.0,65.0,66.0,74.0,72.0,29.0,30.0,34.0,8.0,14.0,6.0,14.0,10.0,€6.3M
3527.0,239718.0,H. Bandé,19.0,https://cdn.sofifa.org/players/4/19/239718.png,Burkina Faso,https://cdn.sofifa.org/flags/101.png,72.0,84.0,Ajax,https://cdn.sofifa.org/teams/2/light/245.png,€5.5M,€7K,1749.0,Right,1.0,4,3.0,High/ Medium,Normal,No,LW,18.0,"Jul 1, 2018",,2023,5'10,150lbs,69+2,69+2,69+2,71+2,71+2,71+2,71+2,71+2,70+2,70+2,70+2,70+2,63+2,63+2,63+2,70+2,52+2,50+2,50+2,50+2,52+2,49+2,44+2,44+2,44+2,49+2,57.0,73.0,55.0,68.0,67.0,77.0,48.0,28.0,52.0,72.0,83.0,85.0,84.0,70.0,74.0,70.0,75.0,70.0,62.0,67.0,61.0,27.0,66.0,64.0,62.0,63.0,22.0,41.0,12.0,7.0,9.0,15.0,15.0,11.0,€8.8M
3556.0,236401.0,N. Mazraoui,20.0,https://cdn.sofifa.org/players/4/19/236401.png,Morocco,https://cdn.sofifa.org/flags/129.png,72.0,80.0,Ajax,https://cdn.sofifa.org/teams/2/light/245.png,€3.9M,€8K,1889.0,Right,1.0,3,3.0,High/ Medium,Lean,No,RB,12.0,"Nov 1, 2016",,2021,6'0,137lbs,65+2,65+2,65+2,70+2,69+2,69+2,69+2,70+2,70+2,70+2,70+2,71+2,70+2,70+2,70+2,71+2,72+2,69+2,69+2,69+2,72+2,71+2,67+2,67+2,67+2,71+2,67.0,54.0,61.0,74.0,55.0,74.0,67.0,33.0,63.0,75.0,77.0,80.0,83.0,74.0,54.0,60.0,69.0,86.0,60.0,63.0,68.0,68.0,66.0,66.0,37.0,68.0,66.0,68.0,65.0,12.0,7.0,13.0,12.0,12.0,€6.3M
3646.0,228747.0,O. Idrissi,22.0,https://cdn.sofifa.org/players/4/19/228747.png,Netherlands,https://cdn.sofifa.org/flags/34.png,72.0,79.0,AZ Alkmaar,https://cdn.sofifa.org/teams/2/light/1906.png,€4.4M,€11K,1828.0,Right,1.0,2,4.0,High/ Medium,Normal,No,LW,11.0,"Jan 17, 2018",,2022,6'0,172lbs,69+2,69+2,69+2,72+2,71+2,71+2,71+2,72+2,70+2,70+2,70+2,70+2,62+2,62+2,62+2,70+2,53+2,49+2,49+2,49+2,53+2,49+2,44+2,44+2,44+2,49+2,67.0,69.0,58.0,65.0,73.0,81.0,82.0,62.0,62.0,77.0,84.0,83.0,77.0,64.0,71.0,78.0,65.0,66.0,66.0,79.0,68.0,23.0,58.0,61.0,45.0,62.0,34.0,22.0,23.0,15.0,16.0,8.0,10.0,16.0,€7.4M
3852.0,199386.0,B. Linssen,27.0,https://cdn.sofifa.org/players/4/19/199386.png,Netherlands,https://cdn.sofifa.org/flags/34.png,72.0,72.0,Vitesse,https://cdn.sofifa.org/teams/2/light/1909.png,€3.3M,€12K,1896.0,Right,1.0,3,3.0,High/ Medium,Normal,No,LW,11.0,"Jul 3, 2017",,2020,5'7,154lbs,72+2,72+2,72+2,72+2,72+2,72+2,72+2,72+2,71+2,71+2,71+2,71+2,65+2,65+2,65+2,71+2,57+2,54+2,54+2,54+2,57+2,54+2,49+2,49+2,49+2,54+2,67.0,74.0,72.0,68.0,71.0,73.0,74.0,67.0,59.0,74.0,81.0,77.0,73.0,70.0,83.0,77.0,82.0,78.0,60.0,73.0,70.0,36.0,72.0,67.0,54.0,72.0,34.0,30.0,29.0,7.0,16.0,6.0,11.0,11.0,€4.9M
3919.0,189938.0,M. van der Werff,29.0,https://cdn.sofifa.org/players/4/19/189938.png,Netherlands,https://cdn.sofifa.org/flags/34.png,72.0,72.0,Vitesse,https://cdn.sofifa.org/teams/2/light/1909.png,€2.4M,€11K,1828.0,Right,1.0,3,2.0,Medium/ Medium,Normal,No,RCB,3.0,"Jul 1, 2015",,2019,6'1,181lbs,58+2,58+2,58+2,56+2,56+2,56+2,56+2,56+2,57+2,57+2,57+2,58+2,62+2,62+2,62+2,58+2,65+2,68+2,68+2,68+2,65+2,66+2,70+2,70+2,70+2,66+2,65.0,52.0,68.0,68.0,55.0,51.0,66.0,69.0,68.0,63.0,59.0,57.0,53.0,67.0,61.0,78.0,69.0,60.0,76.0,65.0,74.0,73.0,30.0,59.0,61.0,70.0,71.0,71.0,70.0,8.0,8.0,7.0,16.0,10.0,€3.6M
4031.0,235544.0,S. Memišević,24.0,https://cdn.sofifa.org/players/4/19/235544.png,Bosnia Herzegovina,https://cdn.sofifa.org/flags/8.png,71.0,74.0,FC Groningen,https://cdn.sofifa.org/teams/2/light/1915.png,€2.5M,€5K,1587.0,Right,1.0,3,2.0,Medium/ Medium,Normal,No,LDM,5.0,"Aug 1, 2016",,2019,6'1,170lbs,48+2,48+2,48+2,46+2,47+2,47+2,47+2,46+2,47+2,47+2,47+2,51+2,54+2,54+2,54+2,51+2,62+2,65+2,65+2,65+2,62+2,63+2,70+2,70+2,70+2,63+2,40.0,26.0,73.0,66.0,20.0,55.0,30.0,28.0,64.0,50.0,51.0,65.0,35.0,62.0,64.0,54.0,87.0,75.0,81.0,26.0,77.0,76.0,30.0,34.0,63.0,60.0,70.0,66.0,62.0,14.0,13.0,8.0,14.0,8.0,€3.9M
4077.0,229155.0,T. Ouwejan,22.0,https://cdn.sofifa.org/players/4/19/229155.png,Netherlands,https://cdn.sofifa.org/flags/34.png,71.0,77.0,AZ Alkmaar,https://cdn.sofifa.org/teams/2/light/1906.png,€2.7M,€8K,1860.0,Left,1.0,4,3.0,Medium/ Medium,Normal,No,LB,5.0,"Jan 1, 2015",,2022,6'0,159lbs,61+2,61+2,61+2,66+2,64+2,64+2,64+2,66+2,66+2,66+2,66+2,67+2,67+2,67+2,67+2,67+2,69+2,68+2,68+2,68+2,69+2,69+2,67+2,67+2,67+2,69+2,66.0,46.0,61.0,72.0,48.0,71.0,59.0,65.0,67.0,69.0,73.0,74.0,70.0,68.0,70.0,60.0,63.0,77.0,67.0,59.0,65.0,67.0,59.0,66.0,40.0,68.0,68.0,70.0,69.0,7.0,12.0,13.0,7.0,12.0,€4.6M
4271.0,223074.0,D. Rotariu,22.0,https://cdn.sofifa.org/players/4/19/223074.png,Romania,https://cdn.sofifa.org/flags/39.png,71.0,78.0,AZ Alkmaar,https://cdn.sofifa.org/teams/2/light/1906.png,€3.3M,€14K,1757.0,Left,1.0,4,4.0,Medium/ Medium,Lean,No,RW,14.0,,Club Brugge KV,"Jun 30, 2019",5'11,159lbs,70+2,70+2,70+2,71+2,71+2,71+2,71+2,71+2,70+2,70+2,70+2,70+2,64+2,64+2,64+2,70+2,52+2,49+2,49+2,49+2,52+2,50+2,43+2,43+2,43+2,50+2,67.0,68.0,73.0,68.0,63.0,77.0,71.0,60.0,62.0,73.0,76.0,75.0,78.0,68.0,69.0,70.0,65.0,58.0,59.0,67.0,35.0,30.0,70.0,67.0,56.0,65.0,22.0,29.0,27.0,13.0,8.0,10.0,14.0,9.0,
4564.0,221896.0,D. Avdijaj,21.0,https://cdn.sofifa.org/players/4/19/221896.png,Kosovo,https://cdn.sofifa.org/flags/219.png,71.0,78.0,Willem II,https://cdn.sofifa.org/teams/2/light/1907.png,€3.4M,€6K,1748.0,Right,1.0,4,3.0,High/ Medium,Normal,No,LW,18.0,"Aug 16, 2018",,2019,5'8,154lbs,66+2,66+2,66+2,71+2,70+2,70+2,70+2,71+2,70+2,70+2,70+2,69+2,63+2,63+2,63+2,69+2,50+2,48+2,48+2,48+2,50+2,46+2,38+2,38+2,38+2,46+2,68.0,70.0,44.0,64.0,70.0,75.0,65.0,49.0,62.0,74.0,76.0,71.0,84.0,66.0,81.0,76.0,62.0,63.0,46.0,76.0,68.0,26.0,66.0,70.0,62.0,70.0,19.0,23.0,19.0,14.0,13.0,9.0,9.0,8.0,€5.5M
4617.0,202458.0,N. Foor,26.0,https://cdn.sofifa.org/players/4/19/202458.png,Netherlands,https://cdn.sofifa.org/flags/34.png,71.0,73.0,Vitesse,https://cdn.sofifa.org/teams/2/light/1909.png,€2.8M,€10K,1948.0,Left,1.0,5,3.0,Medium/ High,Lean,No,LCM,25.0,"Jul 1, 2016",,2020,5'8,146lbs,65+2,65+2,65+2,71+2,70+2,70+2,70+2,71+2,71+2,71+2,71+2,71+2,69+2,69+2,69+2,71+2,68+2,66+2,66+2,66+2,68+2,66+2,60+2,60+2,60+2,66+2,67.0,68.0,40.0,69.0,64.0,72.0,75.0,63.0,63.0,72.0,82.0,75.0,88.0,68.0,76.0,70.0,71.0,83.0,38.0,72.0,75.0,72.0,66.0,72.0,56.0,68.0,68.0,58.0,50.0,14.0,12.0,15.0,6.0,8.0,€4.4M
4670.0,200425.0,M. te Wierik,26.0,https://cdn.sofifa.org/players/4/19/200425.png,Netherlands,https://cdn.sofifa.org/flags/34.png,71.0,74.0,FC Groningen,https://cdn.sofifa.org/teams/2/light/1915.png,€2.5M,€6K,1715.0,Right,1.0,3,2.0,Medium/ Medium,Normal,No,RCB,4.0,"Jul 1, 2017",,2020,6'3,161lbs,57+2,57+2,57+2,57+2,57+2,57+2,57+2,57+2,58+2,58+2,58+2,59+2,62+2,62+2,62+2,59+2,66+2,67+2,67+2,67+2,66+2,67+2,69+2,69+2,69+2,67+2,60.0,40.0,72.0,66.0,49.0,57.0,33.0,31.0,64.0,62.0,54.0,67.0,60.0,67.0,47.0,60.0,65.0,72.0,77.0,53.0,67.0,72.0,52.0,59.0,37.0,69.0,70.0,69.0,69.0,13.0,12.0,13.0,12.0,14.0,€3.8M
4735.0,169978.0,R. Beerens,30.0,https://cdn.sofifa.org/players/4/19/169978.png,Netherlands,https://cdn.sofifa.org/flags/34.png,71.0,71.0,Vitesse,https://cdn.sofifa.org/teams/2/light/1909.png,€2.2M,€11K,1730.0,Right,1.0,4,3.0,High/ Low,Normal,No,RW,7.0,"Jan 31, 2018",,2021,5'8,139lbs,63+2,63+2,63+2,70+2,68+2,68+2,68+2,70+2,69+2,69+2,69+2,70+2,63+2,63+2,63+2,70+2,53+2,48+2,48+2,48+2,53+2,48+2,37+2,37+2,37+2,48+2,74.0,65.0,35.0,70.0,68.0,74.0,72.0,65.0,57.0,73.0,74.0,69.0,77.0,69.0,78.0,58.0,63.0,68.0,45.0,64.0,48.0,24.0,67.0,70.0,69.0,70.0,28.0,24.0,23.0,9.0,11.0,16.0,11.0,12.0,€3.4M
4878.0,229150.0,P. Hatzidiakos,21.0,https://cdn.sofifa.org/players/4/19/229150.png,Greece,https://cdn.sofifa.org/flags/22.png,70.0,78.0,AZ Alkmaar,https://cdn.sofifa.org/teams/2/light/1906.png,€2.3M,€6K,1698.0,Right,1.0,3,2.0,Medium/ Medium,Lean,No,CB,12.0,"Jul 1, 2014",,2021,5'11,163lbs,54+2,54+2,54+2,54+2,54+2,54+2,54+2,54+2,57+2,57+2,57+2,57+2,61+2,61+2,61+2,57+2,64+2,68+2,68+2,68+2,64+2,65+2,69+2,69+2,69+2,65+2,46.0,39.0,71.0,74.0,35.0,52.0,28.0,37.0,64.0,63.0,66.0,64.0,61.0,62.0,64.0,65.0,87.0,73.0,72.0,52.0,71.0,72.0,26.0,60.0,40.0,68.0,71.0,67.0,62.0,9.0,14.0,11.0,11.0,9.0,€3.9M
4892.0,235297.0,M. Bero,22.0,https://cdn.sofifa.org/players/4/19/235297.png,Slovakia,https://cdn.sofifa.org/flags/43.png,70.0,78.0,Vitesse,https://cdn.sofifa.org/teams/2/light/1909.png,€2.6M,€7K,1876.0,Right,1.0,3,3.0,High/ Medium,Normal,No,CAM,21.0,"Jul 3, 2018",,2022,6'0,183lbs,68+2,68+2,68+2,69+2,69+2,69+2,69+2,69+2,69+2,69+2,69+2,69+2,67+2,67+2,67+2,69+2,63+2,62+2,62+2,62+2,63+2,61+2,58+2,58+2,58+2,61+2,63.0,68.0,59.0,69.0,70.0,71.0,66.0,65.0,63.0,71.0,75.0,77.0,68.0,68.0,69.0,74.0,63.0,72.0,74.0,68.0,63.0,57.0,63.0,69.0,55.0,64.0,39.0,59.0,50.0,13.0,9.0,14.0,5.0,7.0,€4.4M
4986.0,227903.0,M. Romero,19.0,https://cdn.sofifa.org/players/4/19/227903.png,Argentina,https://cdn.sofifa.org/flags/52.png,70.0,85.0,PSV,https://cdn.sofifa.org/teams/2/light/247.png,€3.8M,€5K,1648.0,Right,1.0,3,3.0,Medium/ Low,Normal,No,ST,10.0,"Jul 1, 2018",,2023,5'10,159lbs,68+2,68+2,68+2,64+2,65+2,65+2,65+2,64+2,62+2,62+2,62+2,61+2,54+2,54+2,54+2,61+2,45+2,42+2,42+2,42+2,45+2,43+2,40+2,40+2,40+2,43+2,45.0,75.0,66.0,55.0,62.0,64.0,44.0,42.0,42.0,67.0,75.0,77.0,69.0,63.0,68.0,74.0,83.0,67.0,73.0,65.0,49.0,17.0,65.0,52.0,59.0,67.0,22.0,21.0,18.0,15.0,10.0,16.0,14.0,14.0,€7.8M
4999.0,202050.0,T. Bruns,26.0,https://cdn.sofifa.org/players/4/19/202050.png,Netherlands,https://cdn.sofifa.org/flags/34.png,70.0,73.0,Vitesse,https://cdn.sofifa.org/teams/2/light/1909.png,€2.2M,€8K,1924.0,Right,1.0,3,3.0,High/ Medium,Normal,No,CM,10.0,"Jul 1, 2017",,2021,5'10,159lbs,66+2,66+2,66+2,68+2,68+2,68+2,68+2,68+2,68+2,68+2,68+2,69+2,68+2,68+2,68+2,69+2,66+2,66+2,66+2,66+2,66+2,65+2,63+2,63+2,63+2,65+2,68.0,65.0,60.0,69.0,57.0,68.0,69.0,71.0,70.0,68.0,71.0,73.0,74.0,66.0,70.0,69.0,71.0,74.0,62.0,66.0,70.0,64.0,70.0,72.0,48.0,71.0,61.0,61.0,57.0,13.0,11.0,13.0,14.0,9.0,€3.4M
5073.0,233301.0,R. Nissen Kristensen,20.0,https://cdn.sofifa.org/players/4/19/233301.png,Denmark,https://cdn.sofifa.org/flags/13.png,70.0,79.0,Ajax,https://cdn.sofifa.org/teams/2/light/245.png,€2.4M,€6K,1855.0,Right,1.0,3,3.0,High/ High,Normal,No,RB,2.0,"Jan 23, 2018",,2022,6'1,154lbs,65+2,65+2,65+2,65+2,65+2,65+2,65+2,65+2,64+2,64+2,64+2,67+2,66+2,66+2,66+2,67+2,69+2,68+2,68+2,68+2,69+2,69+2,67+2,67+2,67+2,69+2,66.0,53.0,65.0,67.0,49.0,65.0,68.0,36.0,66.0,67.0,75.0,76.0,66.0,69.0,59.0,73.0,73.0,87.0,74.0,49.0,70.0,67.0,67.0,63.0,45.0,72.0,66.0,66.0,64.0,10.0,9.0,9.0,6.0,10.0,€3.8M
5124.0,241509.0,Mauro Júnior,19.0,https://cdn.sofifa.org/players/4/19/241509.png,Brazil,https://cdn.sofifa.org/flags/54.png,70.0,82.0,PSV,https://cdn.sofifa.org/teams/2/light/247.png,€3.1M,€4K,1730.0,Left,1.0,3,3.0,High/ Medium,Lean,No,CAM,47.0,"Jun 23, 2017",,2022,5'7,137lbs,62+2,62+2,62+2,69+2,68+2,68+2,68+2,69+2,69+2,69+2,69+2,69+2,64+2,64+2,64+2,69+2,58+2,54+2,54+2,54+2,58+2,56+2,46+2,46+2,46+2,56+2,65.0,61.0,45.0,67.0,61.0,72.0,65.0,74.0,55.0,77.0,82.0,78.0,83.0,62.0,74.0,60.0,51.0,61.0,33.0,55.0,34.0,43.0,65.0,73.0,55.0,64.0,48.0,45.0,38.0,7.0,14.0,6.0,13.0,8.0,€4.9M
5127.0,226662.0,B. Nieuwkoop,22.0,https://cdn.sofifa.org/players/4/19/226662.png,Netherlands,https://cdn.sofifa.org/flags/34.png,70.0,75.0,Feyenoord,https://cdn.sofifa.org/teams/2/light/246.png,€2M,€6K,1801.0,Right,1.0,3,3.0,High/ Medium,Normal,No,RB,2.0,"Jul 1, 2014",,2020,5'11,159lbs,58+2,58+2,58+2,62+2,60+2,60+2,60+2,62+2,61+2,61+2,61+2,65+2,64+2,64+2,64+2,65+2,68+2,68+2,68+2,68+2,68+2,68+2,68+2,68+2,68+2,68+2,68.0,34.0,66.0,66.0,35.0,64.0,46.0,45.0,70.0,70.0,75.0,80.0,63.0,65.0,70.0,65.0,84.0,75.0,70.0,41.0,74.0,66.0,52.0,62.0,42.0,65.0,66.0,70.0,66.0,8.0,11.0,9.0,7.0,16.0,€2.9M
5247.0,204684.0,M. Seuntjens,26.0,https://cdn.sofifa.org/players/4/19/204684.png,Netherlands,https://cdn.sofifa.org/flags/34.png,70.0,72.0,AZ Alkmaar,https://cdn.sofifa.org/teams/2/light/1906.png,€2.1M,€9K,1934.0,Right,1.0,4,3.0,High/ High,Normal,No,ST,20.0,"Jul 1, 2016",,2020,6'2,179lbs,68+2,68+2,68+2,69+2,68+2,68+2,68+2,69+2,68+2,68+2,68+2,69+2,68+2,68+2,68+2,69+2,66+2,66+2,66+2,66+2,66+2,65+2,65+2,65+2,65+2,65+2,72.0,68.0,66.0,65.0,58.0,74.0,64.0,60.0,73.0,72.0,63.0,71.0,67.0,68.0,70.0,69.0,76.0,78.0,76.0,70.0,70.0,59.0,67.0,66.0,59.0,67.0,62.0,64.0,59.0,13.0,7.0,9.0,9.0,10.0,€3.3M
5415.0,241854.0,P. Schuurs,18.0,https://cdn.sofifa.org/players/4/19/241854.png,Netherlands,https://cdn.sofifa.org/flags/34.png,70.0,82.0,Ajax,https://cdn.sofifa.org/teams/2/light/245.png,€2.6M,€4K,1781.0,Right,1.0,3,2.0,Medium/ Medium,Normal,No,CB,27.0,"Jan 1, 2018",,2022,6'4,174lbs,60+2,60+2,60+2,57+2,59+2,59+2,59+2,57+2,60+2,60+2,60+2,57+2,62+2,62+2,62+2,57+2,63+2,67+2,67+2,67+2,63+2,64+2,68+2,68+2,68+2,64+2,33.0,55.0,66.0,68.0,42.0,60.0,66.0,71.0,65.0,65.0,65.0,68.0,59.0,63.0,57.0,83.0,72.0,69.0,76.0,68.0,60.0,67.0,33.0,57.0,37.0,62.0,68.0,73.0,70.0,10.0,13.0,9.0,7.0,6.0,€4.1M
5507.0,220118.0,I. Bel Hassani,25.0,https://cdn.sofifa.org/players/4/19/220118.png,Morocco,https://cdn.sofifa.org/flags/129.png,70.0,72.0,AZ Alkmaar,https://cdn.sofifa.org/teams/2/light/1906.png,€2.2M,€8K,1771.0,Left,1.0,2,4.0,Medium/ Low,Normal,No,CAM,57.0,"Aug 31, 2016",,2021,5'9,159lbs,64+2,64+2,64+2,68+2,67+2,67+2,67+2,68+2,69+2,69+2,69+2,68+2,65+2,65+2,65+2,68+2,56+2,55+2,55+2,55+2,56+2,53+2,48+2,48+2,48+2,53+2,70.0,63.0,46.0,71.0,57.0,73.0,70.0,64.0,70.0,74.0,67.0,66.0,76.0,63.0,77.0,69.0,60.0,51.0,60.0,69.0,52.0,42.0,62.0,71.0,58.0,68.0,42.0,34.0,41.0,13.0,11.0,12.0,8.0,9.0,€3.4M
5512.0,238041.0,T. Malacia,18.0,https://cdn.sofifa.org/players/4/19/238041.png,Netherlands,https://cdn.sofifa.org/flags/34.png,70.0,80.0,Feyenoord,https://cdn.sofifa.org/teams/2/light/246.png,€2.2M,€3K,1768.0,Left,1.0,3,3.0,High/ High,Normal,No,LB,15.0,"Dec 2, 2015",,2023,5'7,148lbs,56+2,56+2,56+2,63+2,61+2,61+2,61+2,63+2,61+2,61+2,61+2,65+2,60+2,60+2,60+2,65+2,68+2,65+2,65+2,65+2,68+2,68+2,66+2,66+2,66+2,68+2,64.0,34.0,42.0,63.0,36.0,70.0,36.0,35.0,52.0,70.0,85.0,83.0,80.0,64.0,83.0,58.0,81.0,72.0,67.0,39.0,78.0,63.0,60.0,52.0,46.0,64.0,65.0,70.0,74.0,9.0,9.0,12.0,8.0,8.0,€3.6M
5520.0,234203.0,C. Eiting,20.0,https://cdn.sofifa.org/players/4/19/234203.png,Netherlands,https://cdn.sofifa.org/flags/34.png,70.0,79.0,Ajax,https://cdn.sofifa.org/teams/2/light/245.png,€2.7M,€7K,1842.0,Left,1.0,4,3.0,Medium/ Medium,Normal,No,CM,15.0,"Jan 1, 2014",,2022,5'10,168lbs,59+2,59+2,59+2,65+2,64+2,64+2,64+2,65+2,66+2,66+2,66+2,67+2,69+2,69+2,69+2,67+2,68+2,69+2,69+2,69+2,68+2,67+2,65+2,65+2,65+2,67+2,71.0,43.0,50.0,74.0,33.0,68.0,67.0,64.0,75.0,73.0,64.0,66.0,68.0,71.0,74.0,69.0,63.0,72.0,67.0,55.0,68.0,67.0,54.0,70.0,56.0,69.0,68.0,66.0,62.0,10.0,6.0,11.0,12.0,5.0,€4.4M
5549.0,225507.0,Pol Llonch,25.0,https://cdn.sofifa.org/players/4/19/225507.png,Spain,https://cdn.sofifa.org/flags/45.png,70.0,73.0,Willem II,https://cdn.sofifa.org/teams/2/light/1907.png,€1.9M,€5K,1874.0,Right,1.0,3,2.0,High/ High,Normal,No,LCM,8.0,"Jul 1, 2018",,2021,5'7,154lbs,57+2,57+2,57+2,60+2,59+2,59+2,59+2,60+2,60+2,60+2,60+2,62+2,62+2,62+2,62+2,62+2,69+2,68+2,68+2,68+2,69+2,68+2,68+2,68+2,68+2,68+2,55.0,43.0,44.0,67.0,53.0,61.0,53.0,55.0,59.0,63.0,83.0,77.0,74.0,61.0,87.0,65.0,80.0,86.0,65.0,49.0,88.0,73.0,55.0,55.0,51.0,69.0,72.0,72.0,67.0,16.0,13.0,14.0,12.0,6.0,€2.9M
5559.0,227557.0,M. Cassierra,21.0,https://cdn.sofifa.org/players/4/19/227557.png,Colombia,https://cdn.sofifa.org/flags/56.png,70.0,78.0,FC Groningen,https://cdn.sofifa.org/teams/2/light/1915.png,€2.7M,€8K,1634.0,Right,1.0,3,3.0,Medium/ Medium,Lean,No,ST,9.0,,Ajax,"Jun 30, 2019",6'0,170lbs,69+2,69+2,69+2,66+2,67+2,67+2,67+2,66+2,64+2,64+2,64+2,64+2,56+2,56+2,56+2,64+2,49+2,44+2,44+2,44+2,49+2,46+2,43+2,43+2,43+2,46+2,54.0,75.0,73.0,67.0,63.0,68.0,39.0,29.0,34.0,65.0,68.0,74.0,74.0,64.0,58.0,67.0,82.0,69.0,72.0,63.0,42.0,25.0,68.0,57.0,67.0,66.0,28.0,21.0,19.0,13.0,6.0,14.0,10.0,6.0,
5642.0,177152.0,P. Velthuizen,31.0,https://cdn.sofifa.org/players/4/19/177152.png,Netherlands,https://cdn.sofifa.org/flags/34.png,69.0,69.0,AZ Alkmaar,https://cdn.sofifa.org/teams/2/light/1906.png,€650K,€6K,1157.0,Right,1.0,3,1.0,Medium/ Medium,Stocky,No,GK,22.0,"Aug 28, 2018",,2019,6'2,194lbs,,,,,,,,,,,,,,,,,,,,,,,,,,,13.0,17.0,11.0,42.0,16.0,14.0,11.0,11.0,38.0,35.0,44.0,35.0,40.0,67.0,38.0,37.0,56.0,30.0,56.0,15.0,36.0,15.0,9.0,56.0,30.0,42.0,10.0,12.0,18.0,68.0,67.0,71.0,69.0,70.0,€975K
5733.0,162328.0,R. Pasveer,34.0,https://cdn.sofifa.org/players/4/19/162328.png,Netherlands,https://cdn.sofifa.org/flags/34.png,69.0,69.0,Vitesse,https://cdn.sofifa.org/teams/2/light/1909.png,€425K,€5K,1195.0,Right,1.0,4,1.0,Medium/ Medium,Normal,No,GK,22.0,"Jul 5, 2017",,2020,6'2,201lbs,,,,,,,,,,,,,,,,,,,,,,,,,,,15.0,12.0,13.0,40.0,18.0,11.0,18.0,14.0,36.0,30.0,46.0,40.0,57.0,68.0,36.0,26.0,65.0,32.0,71.0,16.0,29.0,13.0,15.0,59.0,28.0,57.0,11.0,16.0,18.0,67.0,68.0,72.0,68.0,67.0,€638K
5816.0,236593.0,C. Stengs,19.0,https://cdn.sofifa.org/players/4/19/236593.png,Netherlands,https://cdn.sofifa.org/flags/34.png,69.0,84.0,AZ Alkmaar,https://cdn.sofifa.org/teams/2/light/1906.png,€2.3M,€4K,1651.0,Left,1.0,3,4.0,Medium/ Medium,Lean,No,RW,7.0,"Aug 26, 2016",,2022,6'2,150lbs,60+2,60+2,60+2,68+2,66+2,66+2,66+2,68+2,69+2,69+2,69+2,69+2,64+2,64+2,64+2,69+2,53+2,52+2,52+2,52+2,53+2,50+2,43+2,43+2,43+2,50+2,65.0,50.0,42.0,73.0,40.0,76.0,67.0,53.0,71.0,74.0,79.0,77.0,80.0,68.0,66.0,58.0,57.0,50.0,56.0,46.0,47.0,23.0,58.0,76.0,52.0,71.0,39.0,31.0,30.0,14.0,11.0,7.0,5.0,10.0,€4.8M
5972.0,243806.0,O. Darfalou,24.0,https://cdn.sofifa.org/players/4/19/243806.png,Algeria,https://cdn.sofifa.org/flags/97.png,69.0,74.0,Vitesse,https://cdn.sofifa.org/teams/2/light/1909.png,€1.4M,€7K,1652.0,Right,1.0,3,3.0,Medium/ Medium,Lean,No,ST,13.0,"Jul 1, 2018",,2022,6'2,181lbs,68+2,68+2,68+2,64+2,65+2,65+2,65+2,64+2,63+2,63+2,63+2,63+2,56+2,56+2,56+2,63+2,47+2,44+2,44+2,44+2,47+2,45+2,41+2,41+2,41+2,45+2,50.0,69.0,67.0,62.0,67.0,66.0,51.0,38.0,48.0,68.0,74.0,79.0,67.0,64.0,62.0,68.0,76.0,67.0,75.0,65.0,51.0,21.0,67.0,47.0,61.0,66.0,25.0,18.0,20.0,11.0,10.0,14.0,12.0,12.0,€2.2M
6069.0,230774.0,J. Clarke-Salter,20.0,https://cdn.sofifa.org/players/4/19/230774.png,England,https://cdn.sofifa.org/flags/14.png,69.0,81.0,Vitesse,https://cdn.sofifa.org/teams/2/light/1909.png,€1.7M,€5K,1490.0,Left,1.0,3,2.0,Medium/ High,Lean,No,LCB,14.0,"Dec 4, 2014",,2021,6'2,154lbs,46+2,46+2,46+2,44+2,44+2,44+2,44+2,44+2,46+2,46+2,46+2,48+2,52+2,52+2,52+2,48+2,60+2,63+2,63+2,63+2,60+2,63+2,68+2,68+2,68+2,63+2,36.0,32.0,67.0,65.0,30.0,34.0,33.0,28.0,59.0,51.0,64.0,66.0,49.0,58.0,45.0,44.0,68.0,67.0,77.0,25.0,56.0,69.0,28.0,37.0,41.0,58.0,75.0,71.0,69.0,8.0,12.0,11.0,9.0,6.0,€2.8M
6121.0,183940.0,V. Anita,29.0,https://cdn.sofifa.org/players/4/19/183940.png,Netherlands,https://cdn.sofifa.org/flags/34.png,69.0,69.0,Willem II,https://cdn.sofifa.org/teams/2/light/1907.png,€1M,€20K,1868.0,Right,2.0,3,3.0,Medium/ Medium,Lean,Yes,RCM,23.0,,Leeds United,"Jun 30, 2019",5'6,146lbs,61+2,61+2,61+2,65+2,65+2,65+2,65+2,65+2,67+2,67+2,67+2,67+2,68+2,68+2,68+2,67+2,68+2,69+2,69+2,69+2,68+2,68+2,65+2,65+2,65+2,68+2,55.0,53.0,51.0,73.0,43.0,69.0,53.0,58.0,69.0,68.0,75.0,72.0,79.0,70.0,79.0,61.0,74.0,80.0,59.0,53.0,69.0,70.0,62.0,65.0,45.0,75.0,64.0,70.0,66.0,12.0,12.0,10.0,14.0,15.0,
6306.0,238004.0,A. Guðmundsson,21.0,https://cdn.sofifa.org/players/4/19/238004.png,Iceland,https://cdn.sofifa.org/flags/24.png,69.0,81.0,AZ Alkmaar,https://cdn.sofifa.org/teams/2/light/1906.png,€1.9M,€6K,1715.0,Right,1.0,3,3.0,High/ Medium,Normal,No,RW,4.0,"Aug 14, 2018",,2022,5'10,176lbs,62+2,62+2,62+2,68+2,67+2,67+2,67+2,68+2,69+2,69+2,69+2,69+2,65+2,65+2,65+2,69+2,55+2,53+2,53+2,53+2,55+2,52+2,45+2,45+2,45+2,52+2,64.0,63.0,39.0,71.0,56.0,73.0,62.0,62.0,69.0,78.0,77.0,75.0,68.0,53.0,72.0,57.0,63.0,68.0,68.0,52.0,53.0,29.0,63.0,74.0,65.0,70.0,25.0,39.0,43.0,5.0,10.0,7.0,6.0,6.0,€3.2M
6377.0,169158.0,J. Peters,31.0,https://cdn.sofifa.org/players/4/19/169158.png,Netherlands,https://cdn.sofifa.org/flags/34.png,69.0,69.0,Willem II,https://cdn.sofifa.org/teams/2/light/1907.png,€700K,€5K,1649.0,Left,1.0,3,2.0,Medium/ Medium,Normal,No,CB,4.0,"Jul 1, 2012",,2020,6'0,172lbs,50+2,50+2,50+2,53+2,52+2,52+2,52+2,53+2,56+2,56+2,56+2,56+2,61+2,61+2,61+2,56+2,63+2,66+2,66+2,66+2,63+2,64+2,68+2,68+2,68+2,64+2,61.0,29.0,67.0,69.0,44.0,45.0,33.0,34.0,68.0,61.0,53.0,50.0,65.0,65.0,61.0,37.0,71.0,57.0,72.0,43.0,68.0,71.0,53.0,62.0,46.0,70.0,68.0,68.0,68.0,14.0,16.0,13.0,6.0,11.0,€1M
6423.0,234195.0,D. Warmerdam,22.0,https://cdn.sofifa.org/players/4/19/234195.png,Netherlands,https://cdn.sofifa.org/flags/34.png,69.0,76.0,FC Groningen,https://cdn.sofifa.org/teams/2/light/1915.png,€1.2M,€4K,1934.0,Left,1.0,3,3.0,High/ Medium,Normal,No,LM,21.0,"Jul 1, 2017",,2020,5'11,161lbs,65+2,65+2,65+2,66+2,66+2,66+2,66+2,66+2,66+2,66+2,66+2,67+2,67+2,67+2,67+2,67+2,68+2,67+2,67+2,67+2,68+2,67+2,67+2,67+2,67+2,67+2,65.0,54.0,63.0,69.0,57.0,67.0,67.0,53.0,64.0,68.0,70.0,71.0,73.0,69.0,77.0,78.0,84.0,80.0,72.0,64.0,70.0,68.0,65.0,67.0,48.0,71.0,62.0,66.0,66.0,5.0,15.0,12.0,14.0,11.0,€2M
6544.0,237807.0,D. Vente,19.0,https://cdn.sofifa.org/players/4/19/237807.png,Netherlands,https://cdn.sofifa.org/flags/34.png,69.0,81.0,Feyenoord,https://cdn.sofifa.org/teams/2/light/246.png,€1.8M,€4K,1626.0,Right,1.0,4,3.0,High/ Medium,Normal,No,ST,34.0,"Nov 11, 2015",,2022,5'11,154lbs,68+2,68+2,68+2,66+2,68+2,68+2,68+2,66+2,66+2,66+2,66+2,64+2,59+2,59+2,59+2,64+2,47+2,45+2,45+2,45+2,47+2,45+2,41+2,41+2,41+2,45+2,40.0,71.0,70.0,68.0,56.0,63.0,44.0,39.0,42.0,71.0,79.0,76.0,77.0,66.0,64.0,61.0,85.0,65.0,64.0,55.0,32.0,30.0,73.0,62.0,64.0,67.0,25.0,18.0,17.0,13.0,10.0,7.0,9.0,10.0,€3M
6680.0,239378.0,K. Sierhuis,20.0,https://cdn.sofifa.org/players/4/19/239378.png,Netherlands,https://cdn.sofifa.org/flags/34.png,68.0,78.0,Ajax,https://cdn.sofifa.org/teams/2/light/245.png,€1.5M,€6K,1643.0,Right,1.0,3,2.0,High/ High,Stocky,No,ST,39.0,"Jul 1, 2016",,2021,5'11,185lbs,67+2,67+2,67+2,59+2,63+2,63+2,63+2,59+2,59+2,59+2,59+2,58+2,54+2,54+2,54+2,58+2,43+2,44+2,44+2,44+2,43+2,41+2,42+2,42+2,42+2,41+2,40.0,75.0,68.0,58.0,68.0,55.0,59.0,52.0,44.0,63.0,55.0,64.0,53.0,53.0,72.0,75.0,77.0,74.0,80.0,66.0,52.0,20.0,74.0,55.0,70.0,58.0,36.0,19.0,15.0,13.0,8.0,12.0,8.0,10.0,€2.4M
6711.0,216860.0,V. Černý,20.0,https://cdn.sofifa.org/players/4/19/216860.png,Czech Republic,https://cdn.sofifa.org/flags/12.png,68.0,75.0,Ajax,https://cdn.sofifa.org/teams/2/light/245.png,€1.3M,€6K,1625.0,Left,1.0,3,3.0,Medium/ Medium,Lean,No,RW,32.0,"Jan 1, 2014",,2020,6'0,143lbs,63+2,63+2,63+2,68+2,67+2,67+2,67+2,68+2,67+2,67+2,67+2,66+2,59+2,59+2,59+2,66+2,50+2,46+2,46+2,46+2,50+2,47+2,37+2,37+2,37+2,47+2,53.0,62.0,42.0,64.0,64.0,73.0,72.0,54.0,48.0,75.0,84.0,84.0,89.0,62.0,62.0,68.0,36.0,59.0,40.0,60.0,47.0,35.0,59.0,64.0,50.0,62.0,27.0,20.0,19.0,11.0,10.0,10.0,11.0,11.0,€2M
6773.0,208681.0,J. Croux,24.0,https://cdn.sofifa.org/players/4/19/208681.png,Belgium,https://cdn.sofifa.org/flags/7.png,68.0,71.0,Willem II,https://cdn.sofifa.org/teams/2/light/1907.png,€1.1M,€4K,1733.0,Left,1.0,4,3.0,Medium/ Medium,Normal,No,RW,11.0,"Aug 31, 2016",,2019,5'8,154lbs,62+2,62+2,62+2,67+2,65+2,65+2,65+2,67+2,65+2,65+2,65+2,66+2,59+2,59+2,59+2,66+2,52+2,47+2,47+2,47+2,52+2,48+2,39+2,39+2,39+2,48+2,68.0,62.0,33.0,62.0,69.0,74.0,71.0,68.0,55.0,70.0,83.0,77.0,83.0,58.0,81.0,71.0,60.0,66.0,57.0,67.0,58.0,30.0,57.0,58.0,55.0,65.0,26.0,28.0,23.0,15.0,14.0,11.0,9.0,14.0,€1.7M
6947.0,209491.0,T. Meißner,27.0,https://cdn.sofifa.org/players/4/19/209491.png,Germany,https://cdn.sofifa.org/flags/21.png,68.0,69.0,Willem II,https://cdn.sofifa.org/teams/2/light/1907.png,€850K,€4K,1475.0,Right,1.0,3,2.0,Low/ Medium,Normal,No,LCB,25.0,"Jul 1, 2018",,2021,6'3,181lbs,47+2,47+2,47+2,42+2,44+2,44+2,44+2,42+2,44+2,44+2,44+2,44+2,50+2,50+2,50+2,44+2,55+2,61+2,61+2,61+2,55+2,57+2,66+2,66+2,66+2,57+2,32.0,31.0,70.0,57.0,38.0,44.0,30.0,31.0,51.0,54.0,45.0,42.0,42.0,62.0,56.0,59.0,69.0,63.0,82.0,38.0,72.0,66.0,20.0,35.0,39.0,62.0,68.0,66.0,62.0,8.0,9.0,12.0,13.0,9.0,€1.3M
7201.0,210832.0,M. Branderhorst,24.0,https://cdn.sofifa.org/players/4/19/210832.png,Netherlands,https://cdn.sofifa.org/flags/34.png,68.0,74.0,Willem II,https://cdn.sofifa.org/teams/2/light/1907.png,€900K,€3K,1064.0,Right,1.0,3,1.0,Medium/ Medium,Normal,No,GK,31.0,"Oct 1, 2011",,2019,6'4,192lbs,,,,,,,,,,,,,,,,,,,,,,,,,,,17.0,15.0,12.0,29.0,18.0,17.0,13.0,15.0,30.0,26.0,40.0,39.0,37.0,60.0,41.0,21.0,58.0,27.0,57.0,19.0,21.0,10.0,4.0,43.0,23.0,55.0,11.0,15.0,13.0,70.0,64.0,62.0,65.0,72.0,€1.5M
7227.0,194198.0,J. Delle,28.0,https://cdn.sofifa.org/players/4/19/194198.png,France,https://cdn.sofifa.org/flags/18.png,68.0,69.0,Feyenoord,https://cdn.sofifa.org/teams/2/light/246.png,€725K,€4K,1034.0,Left,1.0,2,1.0,Medium/ Medium,Normal,No,GK,13.0,"Aug 6, 2018",,2019,6'2,185lbs,,,,,,,,,,,,,,,,,,,,,,,,,,,13.0,9.0,16.0,17.0,9.0,10.0,10.0,20.0,21.0,15.0,52.0,46.0,39.0,67.0,22.0,24.0,54.0,28.0,66.0,8.0,31.0,25.0,14.0,20.0,22.0,52.0,18.0,11.0,12.0,68.0,67.0,64.0,67.0,69.0,€1.1M
7321.0,219566.0,F. Friday,23.0,https://cdn.sofifa.org/players/4/19/219566.png,Nigeria,https://cdn.sofifa.org/flags/133.png,68.0,74.0,AZ Alkmaar,https://cdn.sofifa.org/teams/2/light/1906.png,€1.2M,€6K,1619.0,Right,1.0,4,3.0,Medium/ Medium,Normal,No,ST,54.0,"Jul 15, 2016",,2020,6'2,198lbs,67+2,67+2,67+2,63+2,65+2,65+2,65+2,63+2,62+2,62+2,62+2,61+2,53+2,53+2,53+2,61+2,46+2,43+2,43+2,43+2,46+2,43+2,42+2,42+2,42+2,43+2,44.0,70.0,60.0,58.0,55.0,69.0,47.0,32.0,34.0,66.0,75.0,77.0,67.0,62.0,68.0,70.0,74.0,65.0,85.0,59.0,56.0,23.0,65.0,51.0,61.0,61.0,34.0,14.0,15.0,15.0,15.0,9.0,13.0,11.0,€2.1M
7365.0,224956.0,D. Crowley,20.0,https://cdn.sofifa.org/players/4/19/224956.png,England,https://cdn.sofifa.org/flags/14.png,68.0,75.0,Willem II,https://cdn.sofifa.org/teams/2/light/1907.png,€1.3M,€3K,1707.0,Right,1.0,3,3.0,Medium/ Low,Normal,No,CAM,14.0,"Jul 17, 2017",,2020,5'7,157lbs,60+2,60+2,60+2,66+2,65+2,65+2,65+2,66+2,66+2,66+2,66+2,66+2,63+2,63+2,63+2,66+2,55+2,53+2,53+2,53+2,55+2,51+2,45+2,45+2,45+2,51+2,65.0,58.0,39.0,68.0,59.0,72.0,70.0,66.0,66.0,75.0,75.0,66.0,73.0,64.0,81.0,60.0,49.0,55.0,57.0,63.0,53.0,38.0,56.0,62.0,58.0,67.0,25.0,42.0,39.0,15.0,9.0,7.0,13.0,9.0,€2.1M
7376.0,237502.0,D. Johnsen,20.0,https://cdn.sofifa.org/players/4/19/237502.png,Norway,https://cdn.sofifa.org/flags/36.png,68.0,79.0,Ajax,https://cdn.sofifa.org/teams/2/light/245.png,€1.5M,€6K,1694.0,Right,1.0,3,3.0,Medium/ Low,Lean,No,LW,41.0,"Aug 16, 2017",,2021,6'1,165lbs,63+2,63+2,63+2,68+2,66+2,66+2,66+2,68+2,67+2,67+2,67+2,67+2,61+2,61+2,61+2,67+2,52+2,48+2,48+2,48+2,52+2,49+2,42+2,42+2,42+2,49+2,63.0,64.0,48.0,66.0,60.0,74.0,67.0,50.0,60.0,72.0,85.0,77.0,80.0,60.0,70.0,69.0,52.0,61.0,66.0,65.0,42.0,22.0,48.0,68.0,66.0,62.0,27.0,33.0,33.0,8.0,7.0,12.0,13.0,6.0,€2.5M
7404.0,223686.0,T. Wellenreuther,22.0,https://cdn.sofifa.org/players/4/19/223686.png,Germany,https://cdn.sofifa.org/flags/21.png,68.0,75.0,Willem II,https://cdn.sofifa.org/teams/2/light/1907.png,€925K,€3K,1127.0,Right,1.0,4,1.0,Medium/ Medium,Normal,No,GK,1.0,"Jul 1, 2017",,2019,6'1,176lbs,,,,,,,,,,,,,,,,,,,,,,,,,,,9.0,9.0,18.0,32.0,10.0,16.0,12.0,14.0,27.0,25.0,52.0,54.0,45.0,67.0,54.0,21.0,75.0,31.0,67.0,11.0,19.0,23.0,20.0,35.0,23.0,52.0,10.0,11.0,9.0,71.0,62.0,60.0,66.0,69.0,€1.5M
7561.0,239340.0,J. Chabot,20.0,https://cdn.sofifa.org/players/4/19/239340.png,Germany,https://cdn.sofifa.org/flags/21.png,68.0,77.0,FC Groningen,https://cdn.sofifa.org/teams/2/light/1915.png,€1.2M,€3K,1402.0,Left,1.0,2,2.0,Medium/ Medium,Lean,No,LCB,24.0,"Jul 16, 2018",,2022,6'4,196lbs,42+2,42+2,42+2,40+2,40+2,40+2,40+2,40+2,42+2,42+2,42+2,43+2,47+2,47+2,47+2,43+2,55+2,60+2,60+2,60+2,55+2,57+2,67+2,67+2,67+2,57+2,33.0,21.0,66.0,54.0,36.0,47.0,31.0,30.0,48.0,49.0,40.0,46.0,47.0,60.0,34.0,40.0,65.0,59.0,84.0,23.0,79.0,65.0,23.0,35.0,41.0,52.0,66.0,67.0,69.0,9.0,13.0,7.0,8.0,7.0,€2M
7564.0,223981.0,M. Clark,22.0,https://cdn.sofifa.org/players/4/19/223981.png,England,https://cdn.sofifa.org/flags/14.png,68.0,77.0,Vitesse,https://cdn.sofifa.org/teams/2/light/1909.png,€1.2M,€5K,1756.0,Left,1.0,2,2.0,Medium/ Medium,Normal,No,LB,5.0,"Jul 1, 2018",,2021,5'11,161lbs,57+2,57+2,57+2,61+2,59+2,59+2,59+2,61+2,59+2,59+2,59+2,61+2,60+2,60+2,60+2,61+2,66+2,65+2,65+2,65+2,66+2,66+2,66+2,66+2,66+2,66+2,63.0,52.0,54.0,63.0,42.0,63.0,52.0,39.0,57.0,66.0,73.0,66.0,71.0,66.0,68.0,46.0,76.0,67.0,64.0,55.0,71.0,65.0,53.0,48.0,51.0,52.0,70.0,73.0,68.0,15.0,13.0,6.0,11.0,9.0,€2M
7947.0,222535.0,L. Orejuela,22.0,https://cdn.sofifa.org/players/4/19/222535.png,Colombia,https://cdn.sofifa.org/flags/56.png,67.0,73.0,Ajax,https://cdn.sofifa.org/teams/2/light/245.png,€875K,€5K,1745.0,Right,1.0,4,3.0,High/ Low,Normal,No,RB,28.0,"Aug 9, 2017",,2022,5'11,157lbs,58+2,58+2,58+2,61+2,60+2,60+2,60+2,61+2,60+2,60+2,60+2,64+2,60+2,60+2,60+2,64+2,66+2,63+2,63+2,63+2,66+2,66+2,63+2,63+2,63+2,66+2,66.0,39.0,55.0,63.0,35.0,66.0,42.0,33.0,59.0,62.0,78.0,82.0,75.0,58.0,68.0,63.0,81.0,80.0,70.0,40.0,67.0,60.0,62.0,56.0,35.0,60.0,58.0,66.0,69.0,7.0,15.0,12.0,12.0,11.0,€1.4M
7951.0,236615.0,D. Rigo,19.0,https://cdn.sofifa.org/players/4/19/236615.png,Belgium,https://cdn.sofifa.org/flags/7.png,67.0,80.0,PSV,https://cdn.sofifa.org/teams/2/light/247.png,€1.4M,€3K,1674.0,Right,1.0,4,3.0,Medium/ Medium,Lean,No,CM,16.0,"Apr 15, 2015",,2019,5'11,165lbs,59+2,59+2,59+2,65+2,64+2,64+2,64+2,65+2,67+2,67+2,67+2,66+2,65+2,65+2,65+2,66+2,56+2,56+2,56+2,56+2,56+2,53+2,47+2,47+2,47+2,53+2,67.0,54.0,48.0,75.0,60.0,70.0,68.0,57.0,70.0,73.0,65.0,62.0,67.0,57.0,62.0,65.0,44.0,51.0,45.0,56.0,45.0,55.0,58.0,74.0,55.0,68.0,44.0,40.0,33.0,15.0,14.0,9.0,8.0,8.0,€2.9M
7995.0,237647.0,A. Hrustić,21.0,https://cdn.sofifa.org/players/4/19/237647.png,Australia,https://cdn.sofifa.org/flags/195.png,67.0,75.0,FC Groningen,https://cdn.sofifa.org/teams/2/light/1915.png,€1.1M,€3K,1763.0,Left,1.0,3,3.0,Medium/ Medium,Normal,No,CAM,23.0,"Jul 1, 2015",,2021,5'10,154lbs,63+2,63+2,63+2,67+2,66+2,66+2,66+2,67+2,67+2,67+2,67+2,66+2,65+2,65+2,65+2,66+2,62+2,61+2,61+2,61+2,62+2,60+2,57+2,57+2,57+2,60+2,65.0,59.0,54.0,70.0,46.0,70.0,72.0,66.0,65.0,72.0,73.0,70.0,74.0,66.0,59.0,62.0,65.0,54.0,65.0,65.0,35.0,59.0,60.0,66.0,52.0,66.0,55.0,59.0,48.0,9.0,7.0,8.0,7.0,6.0,€1.8M
8275.0,221328.0,E. Lieftink,24.0,https://cdn.sofifa.org/players/4/19/221328.png,Netherlands,https://cdn.sofifa.org/flags/34.png,67.0,72.0,Willem II,https://cdn.sofifa.org/teams/2/light/1907.png,€1M,€3K,1848.0,Left,1.0,2,2.0,High/ High,Normal,No,CM,6.0,"Sep 23, 2016",,2019,6'1,176lbs,62+2,62+2,62+2,62+2,62+2,62+2,62+2,62+2,63+2,63+2,63+2,64+2,65+2,65+2,65+2,64+2,65+2,67+2,67+2,67+2,65+2,65+2,66+2,66+2,66+2,65+2,57.0,57.0,58.0,70.0,58.0,60.0,64.0,63.0,68.0,68.0,66.0,64.0,59.0,62.0,68.0,66.0,78.0,79.0,75.0,56.0,68.0,65.0,58.0,65.0,56.0,67.0,65.0,65.0,66.0,7.0,7.0,16.0,7.0,7.0,€1.5M
8375.0,242341.0,O. Mihálik,21.0,https://cdn.sofifa.org/players/4/19/242341.png,Czech Republic,https://cdn.sofifa.org/flags/12.png,67.0,75.0,AZ Alkmaar,https://cdn.sofifa.org/teams/2/light/1906.png,€1.1M,€4K,1622.0,Right,1.0,3,3.0,High/ Medium,Lean,No,ST,27.0,"Jan 25, 2018",,2022,6'2,157lbs,65+2,65+2,65+2,65+2,66+2,66+2,66+2,65+2,64+2,64+2,64+2,63+2,57+2,57+2,57+2,63+2,47+2,45+2,45+2,45+2,47+2,44+2,41+2,41+2,41+2,44+2,52.0,66.0,62.0,53.0,58.0,70.0,56.0,46.0,49.0,71.0,69.0,73.0,80.0,67.0,49.0,70.0,65.0,56.0,62.0,55.0,54.0,27.0,65.0,67.0,62.0,63.0,34.0,18.0,20.0,9.0,7.0,13.0,10.0,7.0,€2M
8388.0,229288.0,R. de Boer,20.0,https://cdn.sofifa.org/players/4/19/229288.png,Netherlands,https://cdn.sofifa.org/flags/34.png,67.0,78.0,AZ Alkmaar,https://cdn.sofifa.org/teams/2/light/1906.png,€1M,€3K,1063.0,Right,1.0,3,1.0,Medium/ Medium,Normal,No,GK,16.0,"Jul 1, 2018",,2022,6'2,192lbs,,,,,,,,,,,,,,,,,,,,,,,,,,,17.0,15.0,12.0,22.0,17.0,19.0,20.0,15.0,23.0,18.0,47.0,20.0,30.0,68.0,54.0,18.0,58.0,32.0,58.0,18.0,25.0,25.0,11.0,25.0,31.0,52.0,9.0,14.0,18.0,70.0,63.0,61.0,60.0,70.0,€1.7M
8403.0,47020.0,K. Begois,36.0,https://cdn.sofifa.org/players/4/19/47020.png,Belgium,https://cdn.sofifa.org/flags/7.png,67.0,67.0,FC Groningen,https://cdn.sofifa.org/teams/2/light/1915.png,€100K,€2K,1139.0,Right,1.0,3,1.0,Medium/ Medium,Normal,No,GK,16.0,"Jul 1, 2017",,2019,6'1,174lbs,,,,,,,,,,,,,,,,,,,,,,,,,,,12.0,13.0,14.0,17.0,14.0,16.0,13.0,24.0,30.0,33.0,43.0,49.0,61.0,63.0,31.0,35.0,70.0,31.0,72.0,13.0,33.0,27.0,12.0,26.0,14.0,52.0,11.0,14.0,17.0,64.0,66.0,65.0,71.0,65.0,€145K
8420.0,223921.0,D. Kolovos,25.0,https://cdn.sofifa.org/players/4/19/223921.png,Greece,https://cdn.sofifa.org/flags/22.png,67.0,71.0,Willem II,https://cdn.sofifa.org/teams/2/light/1907.png,€975K,€3K,1673.0,Right,1.0,4,3.0,High/ Medium,Normal,No,CAM,10.0,"Jul 1, 2016",,2020,6'0,163lbs,63+2,63+2,63+2,66+2,66+2,66+2,66+2,66+2,66+2,66+2,66+2,65+2,60+2,60+2,60+2,65+2,48+2,47+2,47+2,47+2,48+2,44+2,39+2,39+2,39+2,44+2,64.0,66.0,37.0,65.0,66.0,71.0,65.0,66.0,62.0,69.0,68.0,67.0,67.0,62.0,65.0,67.0,65.0,52.0,62.0,64.0,55.0,18.0,67.0,65.0,61.0,65.0,28.0,26.0,27.0,14.0,8.0,9.0,14.0,11.0,€1.5M
8561.0,227794.0,C. Verdonk,21.0,https://cdn.sofifa.org/players/4/19/227794.png,Netherlands,https://cdn.sofifa.org/flags/34.png,67.0,74.0,Feyenoord,https://cdn.sofifa.org/teams/2/light/246.png,€900K,€3K,1860.0,Left,1.0,4,3.0,Medium/ Medium,Normal,No,LB,29.0,"Apr 24, 2014",,2020,5'9,154lbs,56+2,56+2,56+2,61+2,59+2,59+2,59+2,61+2,60+2,60+2,60+2,61+2,62+2,62+2,62+2,61+2,66+2,67+2,67+2,67+2,66+2,65+2,64+2,64+2,64+2,65+2,66.0,51.0,35.0,65.0,50.0,63.0,74.0,66.0,68.0,69.0,70.0,65.0,70.0,63.0,81.0,71.0,77.0,68.0,67.0,69.0,73.0,70.0,37.0,52.0,65.0,56.0,69.0,67.0,67.0,10.0,7.0,12.0,9.0,14.0,€1.4M
8589.0,204504.0,F. Lewis,25.0,https://cdn.sofifa.org/players/4/19/204504.png,Netherlands,https://cdn.sofifa.org/flags/34.png,67.0,70.0,Willem II,https://cdn.sofifa.org/teams/2/light/1907.png,€800K,€3K,1817.0,Right,1.0,2,3.0,High/ Medium,Normal,No,RB,2.0,"Jul 1, 2017",,2020,5'11,165lbs,62+2,62+2,62+2,63+2,62+2,62+2,62+2,63+2,62+2,62+2,62+2,64+2,61+2,61+2,61+2,64+2,65+2,63+2,63+2,63+2,65+2,66+2,65+2,65+2,65+2,66+2,57.0,50.0,63.0,62.0,58.0,66.0,54.0,21.0,62.0,62.0,85.0,88.0,77.0,62.0,71.0,66.0,84.0,64.0,65.0,54.0,66.0,67.0,58.0,60.0,51.0,64.0,61.0,67.0,65.0,6.0,14.0,13.0,7.0,11.0,€1.2M
8662.0,215527.0,F. Heerkens,28.0,https://cdn.sofifa.org/players/4/19/215527.png,Netherlands,https://cdn.sofifa.org/flags/34.png,67.0,67.0,Willem II,https://cdn.sofifa.org/teams/2/light/1907.png,€625K,€3K,1526.0,Right,1.0,3,2.0,Medium/ Medium,Normal,No,RCB,3.0,"Jul 1, 2013",,2019,6'0,176lbs,46+2,46+2,46+2,49+2,48+2,48+2,48+2,49+2,50+2,50+2,50+2,53+2,55+2,55+2,55+2,53+2,62+2,63+2,63+2,63+2,62+2,63+2,66+2,66+2,66+2,63+2,55.0,20.0,66.0,65.0,23.0,53.0,22.0,27.0,57.0,56.0,54.0,66.0,44.0,61.0,58.0,39.0,75.0,70.0,73.0,23.0,60.0,67.0,36.0,50.0,43.0,62.0,67.0,66.0,65.0,16.0,16.0,15.0,8.0,10.0,€906K
8670.0,215528.0,K. Karami,28.0,https://cdn.sofifa.org/players/4/19/215528.png,Morocco,https://cdn.sofifa.org/flags/129.png,67.0,67.0,Vitesse,https://cdn.sofifa.org/teams/2/light/1909.png,€600K,€5K,1740.0,Right,1.0,4,3.0,Medium/ Medium,Lean,No,RB,2.0,"Jul 1, 2018",,2020,5'11,161lbs,58+2,58+2,58+2,62+2,60+2,60+2,60+2,62+2,59+2,59+2,59+2,63+2,59+2,59+2,59+2,63+2,66+2,63+2,63+2,63+2,66+2,66+2,64+2,64+2,64+2,66+2,67.0,52.0,51.0,53.0,38.0,70.0,46.0,31.0,58.0,63.0,76.0,76.0,73.0,63.0,74.0,57.0,62.0,71.0,63.0,46.0,72.0,70.0,58.0,52.0,41.0,68.0,68.0,68.0,64.0,13.0,15.0,13.0,7.0,9.0,€900K
8723.0,234740.0,M. El Hankouri,21.0,https://cdn.sofifa.org/players/4/19/234740.png,Morocco,https://cdn.sofifa.org/flags/129.png,67.0,74.0,Feyenoord,https://cdn.sofifa.org/teams/2/light/246.png,€1.1M,€4K,1720.0,Right,1.0,4,4.0,Medium/ Medium,Lean,No,LW,27.0,"Jul 1, 2016",,2019,5'9,154lbs,59+2,59+2,59+2,66+2,64+2,64+2,64+2,66+2,65+2,65+2,65+2,66+2,61+2,61+2,61+2,66+2,55+2,51+2,51+2,51+2,55+2,52+2,43+2,43+2,43+2,52+2,63.0,53.0,37.0,64.0,59.0,72.0,74.0,60.0,60.0,70.0,81.0,78.0,77.0,55.0,80.0,69.0,60.0,63.0,43.0,70.0,52.0,35.0,57.0,67.0,59.0,66.0,28.0,44.0,40.0,9.0,7.0,11.0,15.0,8.0,€1.7M
8774.0,239361.0,D. de Wit,20.0,https://cdn.sofifa.org/players/4/19/239361.png,Netherlands,https://cdn.sofifa.org/flags/34.png,66.0,75.0,Ajax,https://cdn.sofifa.org/teams/2/light/245.png,€975K,€4K,1853.0,Right,1.0,3,3.0,High/ High,Normal,No,CM,30.0,"Jul 1, 2015",,2020,6'0,165lbs,67+2,67+2,67+2,64+2,65+2,65+2,65+2,64+2,65+2,65+2,65+2,65+2,65+2,65+2,65+2,65+2,62+2,63+2,63+2,63+2,62+2,61+2,62+2,62+2,62+2,61+2,59.0,68.0,77.0,70.0,59.0,63.0,54.0,53.0,66.0,65.0,65.0,67.0,67.0,60.0,68.0,72.0,72.0,74.0,70.0,65.0,74.0,62.0,66.0,65.0,58.0,66.0,50.0,54.0,56.0,14.0,8.0,7.0,14.0,11.0,€1.6M
8869.0,243733.0,D. Saddiki,21.0,https://cdn.sofifa.org/players/4/19/243733.png,Netherlands,https://cdn.sofifa.org/flags/34.png,66.0,73.0,Willem II,https://cdn.sofifa.org/teams/2/light/1907.png,€775K,€2K,1723.0,Right,1.0,3,2.0,Medium/ High,Normal,No,CDM,17.0,"Jul 1, 2018",,2021,5'10,170lbs,57+2,57+2,57+2,58+2,58+2,58+2,58+2,58+2,60+2,60+2,60+2,60+2,63+2,63+2,63+2,60+2,63+2,65+2,65+2,65+2,63+2,63+2,63+2,63+2,63+2,63+2,56.0,50.0,58.0,68.0,46.0,61.0,50.0,55.0,66.0,62.0,55.0,67.0,55.0,64.0,66.0,61.0,64.0,71.0,62.0,60.0,65.0,66.0,47.0,60.0,46.0,64.0,64.0,66.0,62.0,11.0,6.0,9.0,10.0,14.0,€1.3M
8898.0,233500.0,L. Sinisterra,19.0,https://cdn.sofifa.org/players/4/19/233500.png,Colombia,https://cdn.sofifa.org/flags/56.png,66.0,79.0,Feyenoord,https://cdn.sofifa.org/teams/2/light/246.png,€1.2M,€2K,1721.0,Right,1.0,2,3.0,Medium/ Medium,Normal,No,RW,17.0,"Jul 9, 2018",,2021,5'10,154lbs,62+2,62+2,62+2,65+2,65+2,65+2,65+2,65+2,65+2,65+2,65+2,65+2,60+2,60+2,60+2,65+2,53+2,49+2,49+2,49+2,53+2,51+2,44+2,44+2,44+2,51+2,53.0,60.0,59.0,65.0,58.0,66.0,58.0,37.0,58.0,64.0,82.0,80.0,90.0,61.0,76.0,64.0,83.0,78.0,35.0,58.0,58.0,14.0,65.0,66.0,55.0,69.0,52.0,32.0,35.0,15.0,13.0,9.0,13.0,9.0,€2.4M
8900.0,236572.0,O. Wijndal,18.0,https://cdn.sofifa.org/players/4/19/236572.png,Netherlands,https://cdn.sofifa.org/flags/34.png,66.0,80.0,AZ Alkmaar,https://cdn.sofifa.org/teams/2/light/1906.png,€1.2M,€2K,1670.0,Left,1.0,2,3.0,Medium/ Medium,Lean,No,LB,15.0,"Jul 1, 2016",,2023,5'9,143lbs,54+2,54+2,54+2,62+2,59+2,59+2,59+2,62+2,60+2,60+2,60+2,63+2,58+2,58+2,58+2,63+2,64+2,61+2,61+2,61+2,64+2,64+2,61+2,61+2,61+2,64+2,59.0,36.0,53.0,64.0,28.0,69.0,41.0,38.0,52.0,68.0,85.0,83.0,84.0,64.0,71.0,45.0,74.0,66.0,53.0,33.0,62.0,55.0,52.0,52.0,42.0,63.0,68.0,65.0,60.0,8.0,12.0,6.0,9.0,13.0,€2.5M
8916.0,229152.0,J. Helmer,20.0,https://cdn.sofifa.org/players/4/19/229152.png,Netherlands,https://cdn.sofifa.org/flags/34.png,66.0,75.0,AZ Alkmaar,https://cdn.sofifa.org/teams/2/light/1906.png,€1M,€4K,1611.0,Right,1.0,3,3.0,High/ Medium,Lean,No,LW,17.0,"Jan 1, 2015",,2022,5'11,159lbs,56+2,56+2,56+2,65+2,62+2,62+2,62+2,65+2,65+2,65+2,65+2,65+2,60+2,60+2,60+2,65+2,56+2,52+2,52+2,52+2,56+2,53+2,45+2,45+2,45+2,53+2,63.0,56.0,36.0,69.0,48.0,73.0,62.0,58.0,56.0,68.0,79.0,73.0,75.0,56.0,79.0,40.0,50.0,61.0,49.0,45.0,40.0,39.0,54.0,68.0,45.0,64.0,40.0,42.0,45.0,6.0,7.0,14.0,10.0,5.0,€1.7M
8965.0,240683.0,L. Reis,18.0,https://cdn.sofifa.org/players/4/19/240683.png,Netherlands,https://cdn.sofifa.org/flags/34.png,66.0,79.0,FC Groningen,https://cdn.sofifa.org/teams/2/light/1915.png,€1.1M,€1K,1793.0,Right,1.0,3,3.0,Medium/ Medium,Lean,No,RDM,6.0,"Jun 28, 2017",,2021,5'10,165lbs,61+2,61+2,61+2,64+2,64+2,64+2,64+2,64+2,65+2,65+2,65+2,66+2,65+2,65+2,65+2,66+2,64+2,64+2,64+2,64+2,64+2,62+2,61+2,61+2,61+2,62+2,63.0,54.0,59.0,70.0,48.0,68.0,51.0,44.0,65.0,69.0,73.0,73.0,70.0,62.0,63.0,63.0,82.0,72.0,65.0,52.0,68.0,72.0,58.0,64.0,51.0,66.0,61.0,52.0,44.0,10.0,15.0,14.0,11.0,7.0,€2.4M
8976.0,240685.0,T. van de Looi,18.0,https://cdn.sofifa.org/players/4/19/240685.png,Netherlands,https://cdn.sofifa.org/flags/34.png,66.0,78.0,FC Groningen,https://cdn.sofifa.org/teams/2/light/1915.png,€1.1M,€1K,1686.0,Right,1.0,3,3.0,Medium/ Medium,Lean,No,CM,36.0,"Aug 14, 2017",,2021,5'11,165lbs,58+2,58+2,58+2,60+2,61+2,61+2,61+2,60+2,63+2,63+2,63+2,62+2,64+2,64+2,64+2,62+2,61+2,64+2,64+2,64+2,61+2,61+2,62+2,62+2,62+2,61+2,46.0,46.0,55.0,68.0,41.0,65.0,50.0,44.0,67.0,68.0,69.0,57.0,59.0,63.0,67.0,60.0,56.0,65.0,63.0,44.0,61.0,66.0,64.0,64.0,46.0,58.0,63.0,63.0,58.0,6.0,11.0,7.0,14.0,10.0,€1.7M
9098.0,245065.0,D. Palacios,18.0,https://cdn.sofifa.org/players/4/19/245065.png,Ecuador,https://cdn.sofifa.org/flags/57.png,66.0,75.0,Willem II,https://cdn.sofifa.org/teams/2/light/1907.png,€775K,€1K,1600.0,Left,1.0,2,3.0,Medium/ Medium,Normal,No,LB,5.0,"Feb 2, 2016",,2020,5'7,148lbs,49+2,49+2,49+2,58+2,55+2,55+2,55+2,58+2,58+2,58+2,58+2,61+2,60+2,60+2,60+2,61+2,65+2,63+2,63+2,63+2,65+2,64+2,62+2,62+2,62+2,64+2,64.0,25.0,50.0,65.0,25.0,67.0,36.0,27.0,59.0,65.0,69.0,72.0,58.0,63.0,85.0,36.0,67.0,65.0,56.0,30.0,68.0,64.0,52.0,58.0,37.0,59.0,64.0,67.0,64.0,7.0,10.0,9.0,7.0,9.0,€1.3M
9158.0,239956.0,M. Boadu,17.0,https://cdn.sofifa.org/players/4/19/239956.png,Netherlands,https://cdn.sofifa.org/flags/34.png,66.0,85.0,AZ Alkmaar,https://cdn.sofifa.org/teams/2/light/1906.png,€1.3M,€3K,1592.0,Right,1.0,4,3.0,High/ Medium,Normal,No,ST,21.0,"Jul 1, 2017",,2021,5'11,143lbs,64+2,64+2,64+2,63+2,64+2,64+2,64+2,63+2,62+2,62+2,62+2,61+2,54+2,54+2,54+2,61+2,45+2,42+2,42+2,42+2,45+2,43+2,39+2,39+2,39+2,43+2,37.0,66.0,59.0,56.0,54.0,71.0,43.0,39.0,45.0,70.0,84.0,80.0,78.0,61.0,65.0,68.0,91.0,59.0,64.0,57.0,28.0,23.0,57.0,48.0,65.0,50.0,29.0,22.0,18.0,9.0,15.0,14.0,6.0,11.0,€2.7M
9268.0,236399.0,L. Bergsma,21.0,https://cdn.sofifa.org/players/4/19/236399.png,Netherlands,https://cdn.sofifa.org/flags/34.png,66.0,75.0,AZ Alkmaar,https://cdn.sofifa.org/teams/2/light/1906.png,€875K,€3K,1590.0,Right,1.0,4,2.0,Medium/ Medium,Normal,No,CB,23.0,"Jul 1, 2018",,2022,6'1,159lbs,49+2,49+2,49+2,50+2,51+2,51+2,51+2,50+2,54+2,54+2,54+2,53+2,58+2,58+2,58+2,53+2,59+2,64+2,64+2,64+2,59+2,61+2,65+2,65+2,65+2,61+2,34.0,23.0,66.0,65.0,34.0,48.0,33.0,29.0,66.0,64.0,64.0,67.0,63.0,64.0,63.0,50.0,78.0,66.0,70.0,25.0,60.0,61.0,36.0,58.0,56.0,64.0,69.0,65.0,60.0,14.0,10.0,6.0,11.0,12.0,€1.5M
9320.0,235899.0,D. Zeefuik,20.0,https://cdn.sofifa.org/players/4/19/235899.png,Netherlands,https://cdn.sofifa.org/flags/34.png,66.0,74.0,FC Groningen,https://cdn.sofifa.org/teams/2/light/1915.png,€825K,€2K,1730.0,Right,1.0,3,2.0,Medium/ Medium,Normal,No,RB,42.0,"Jul 1, 2018",,2021,5'10,168lbs,56+2,56+2,56+2,58+2,57+2,57+2,57+2,58+2,57+2,57+2,57+2,60+2,58+2,58+2,58+2,60+2,64+2,63+2,63+2,63+2,64+2,65+2,66+2,66+2,66+2,65+2,60.0,35.0,62.0,64.0,38.0,58.0,43.0,39.0,57.0,62.0,78.0,79.0,72.0,62.0,76.0,55.0,90.0,70.0,75.0,29.0,81.0,63.0,56.0,52.0,46.0,60.0,60.0,66.0,65.0,6.0,5.0,6.0,10.0,10.0,€1.4M
9450.0,235670.0,R. Lundqvist,21.0,https://cdn.sofifa.org/players/4/19/235670.png,Sweden,https://cdn.sofifa.org/flags/46.png,66.0,75.0,PSV,https://cdn.sofifa.org/teams/2/light/247.png,€1M,€3K,1628.0,Right,1.0,3,3.0,Medium/ Medium,Normal,No,CAM,24.0,"Jul 1, 2016",,2019,5'10,163lbs,62+2,62+2,62+2,64+2,64+2,64+2,64+2,64+2,65+2,65+2,65+2,64+2,60+2,60+2,60+2,64+2,50+2,48+2,48+2,48+2,50+2,47+2,41+2,41+2,41+2,47+2,53.0,62.0,47.0,62.0,52.0,67.0,63.0,54.0,62.0,70.0,74.0,73.0,71.0,60.0,68.0,60.0,61.0,62.0,63.0,64.0,38.0,31.0,61.0,65.0,55.0,62.0,30.0,28.0,30.0,6.0,7.0,14.0,6.0,9.0,€1.6M
9957.0,229383.0,M. Savastano,21.0,https://cdn.sofifa.org/players/4/19/229383.png,Netherlands,https://cdn.sofifa.org/flags/34.png,65.0,72.0,AZ Alkmaar,https://cdn.sofifa.org/teams/2/light/1906.png,€650K,€3K,1637.0,Left,1.0,3,2.0,Medium/ Medium,Normal,No,LB,42.0,"Jul 1, 2018",,2020,5'9,152lbs,53+2,53+2,53+2,56+2,54+2,54+2,54+2,56+2,53+2,53+2,53+2,57+2,53+2,53+2,53+2,57+2,63+2,59+2,59+2,59+2,63+2,64+2,63+2,63+2,63+2,64+2,56.0,31.0,60.0,55.0,34.0,64.0,44.0,33.0,40.0,62.0,75.0,72.0,67.0,62.0,74.0,59.0,72.0,74.0,66.0,32.0,69.0,58.0,50.0,39.0,43.0,48.0,65.0,64.0,70.0,10.0,7.0,11.0,7.0,12.0,€1.1M
9962.0,239368.0,M. Bakker,18.0,https://cdn.sofifa.org/players/4/19/239368.png,Netherlands,https://cdn.sofifa.org/flags/34.png,65.0,79.0,Ajax,https://cdn.sofifa.org/teams/2/light/245.png,€1M,€2K,1669.0,Left,1.0,3,3.0,High/ Medium,Normal,No,LB,35.0,"Jul 1, 2016",,2019,6'0,159lbs,54+2,54+2,54+2,58+2,55+2,55+2,55+2,58+2,56+2,56+2,56+2,60+2,58+2,58+2,58+2,60+2,63+2,61+2,61+2,61+2,63+2,63+2,63+2,63+2,63+2,63+2,60.0,36.0,63.0,58.0,38.0,63.0,42.0,40.0,66.0,64.0,76.0,79.0,74.0,60.0,64.0,44.0,73.0,62.0,66.0,34.0,60.0,62.0,50.0,48.0,48.0,60.0,63.0,66.0,61.0,14.0,7.0,11.0,8.0,9.0,€2M
9973.0,244235.0,H. Gong,19.0,https://cdn.sofifa.org/players/4/19/244235.png,Nigeria,https://cdn.sofifa.org/flags/133.png,65.0,77.0,Vitesse,https://cdn.sofifa.org/teams/2/light/1909.png,€950K,€2K,1650.0,Right,1.0,3,3.0,Medium/ Medium,Stocky,No,RW,19.0,"Jul 5, 2018",,2022,5'7,159lbs,60+2,60+2,60+2,65+2,63+2,63+2,63+2,65+2,61+2,61+2,61+2,64+2,54+2,54+2,54+2,64+2,52+2,46+2,46+2,46+2,52+2,49+2,42+2,42+2,42+2,49+2,61.0,57.0,42.0,60.0,54.0,69.0,63.0,42.0,47.0,66.0,90.0,90.0,75.0,58.0,88.0,62.0,63.0,65.0,56.0,55.0,53.0,28.0,57.0,51.0,47.0,62.0,44.0,24.0,26.0,11.0,11.0,12.0,11.0,12.0,€1.6M
